Iteration,Particle,Buffer_3_Capacity,Buffer_4_Capacity,Position_Buffer_3,Position_Buffer_4,Velocity_Buffer_3,Velocity_Buffer_4,Objective,Mean_Throughput,Std_Throughput,Cost,Alpha,N_Replications,Function_Evaluations,Simulation_Runs,Personal_Best_Buffer_3,Personal_Best_Buffer_4,Global_Best_Buffer_3,Global_Best_Buffer_4
0,0,8,19,8.116262258099887,19.063571821788408,-0.08786003156592814,0.5703519227860272,172.20000000000002,10.71,0.3092733418838421,42,20,5,1,5,8.116262258099887,19.063571821788408,8.116262258099887,19.063571821788408
0,1,15,12,14.907884894416696,12.374511199743695,-0.6006524356832805,0.02846887682722321,171.6,10.68,0.2347338918861101,42,20,5,2,10,14.907884894416696,12.374511199743695,8.116262258099887,19.063571821788408
0,2,4,4,3.964354168406294,3.96389588638785,0.18482913772408494,-0.9070991745600046,188.1,10.555,0.12389511693363867,23,20,5,3,15,3.964354168406294,3.96389588638785,3.964354168406294,3.96389588638785
0,3,2,17,2.1035886311957896,17.457346769723767,0.21508970380287673,-0.6589517526254169,177.8,10.59,0.23108440016582707,34,20,5,4,20,2.1035886311957896,17.457346769723767,3.964354168406294,3.96389588638785
0,4,12,14,12.421185223120967,14.453378978124864,-0.869896814029441,0.8977710745066665,172.6,10.68,0.20087309426600716,41,20,5,5,25,12.421185223120967,14.453378978124864,3.964354168406294,3.96389588638785
0,5,1,19,1.3911053916202465,19.428287191077892,0.9312640661491187,0.6167946962329223,176.0,10.55,0.1837117307087381,35,20,5,6,30,1.3911053916202465,19.428287191077892,3.964354168406294,3.96389588638785
0,6,17,5,16.816410175208013,5.034443102887247,-0.39077246165325863,-0.8046557719872323,176.0,10.65,0.2236067977499791,37,20,5,7,35,16.816410175208013,5.034443102887247,3.964354168406294,3.96389588638785
0,7,4,4,4.4546743769349115,4.484685687215243,0.3684660530243138,-0.1196950125207974,188.1,10.555,0.12389511693363867,23,20,5,8,40,4.4546743769349115,4.484685687215243,3.964354168406294,3.96389588638785
0,8,7,11,6.780602616231217,10.97037220101252,-0.7559235303104423,-0.00964617977745963,180.49999999999997,10.674999999999999,0.1369306393762917,33,20,5,9,45,6.780602616231217,10.97037220101252,3.964354168406294,3.96389588638785
0,9,9,7,9.206955354200199,6.533353663762797,-0.9312229577695632,0.8186408041575641,181.49999999999997,10.624999999999998,0.291547594742265,31,20,5,10,50,9.206955354200199,6.533353663762797,3.964354168406294,3.96389588638785
0,10,13,4,12.62520499972521,3.6503833523887947,-0.48244003679996617,0.32504456870796394,178.39999999999998,10.52,0.20518284528683167,32,20,5,11,55,12.62520499972521,3.6503833523887947,3.964354168406294,3.96389588638785
0,11,7,8,6.550748322169145,7.960875022580142,-0.3765778478211781,0.040136042355621626,182.89999999999998,10.645,0.2938537050983025,30,20,5,12,60,6.550748322169145,7.960875022580142,3.964354168406294,3.96389588638785
1,0,14,2,13.838896894567494,1.8495314618559746,-4.04237664606819,-13.989426234033465,159.29999999999998,9.514999999999999,0.16777961735562508,31,20,5,13,65,8.116262258099887,19.063571821788408,7.522769778309254,13.236374813376788
1,1,13,12,13.28805061842876,11.521671479281697,-1.6198342759879352,-0.852839720461998,175.60000000000002,10.780000000000001,0.1408900280360539,40,20,5,14,70,13.28805061842876,11.521671479281697,7.522769778309254,13.236374813376788
1,2,8,13,7.522769778309254,13.236374813376788,0.14786331017926796,-0.7256793396480037,178.2,10.709999999999999,0.18069310999592653,36,20,5,15,75,3.964354168406294,3.96389588638785,7.522769778309254,13.236374813376788
1,3,3,16,3.0498522198562417,16.32717138893259,0.9462635886604521,-1.1301753807911743,181.10000000000002,10.755,0.19326148090087705,34,20,5,16,80,3.0498522198562417,16.32717138893259,7.522769778309254,13.236374813376788
1,4,7,14,6.710435623743127,13.925668113024743,-5.71074959937784,-0.5277108651001196,177.29999999999998,10.665,0.13838352503098011,36,20,5,17,85,6.710435623743127,13.925668113024743,7.522769778309254,13.236374813376788
1,5,7,15,6.787205308939873,15.224934008766667,5.396099917319626,-4.203353182311226,176.10000000000002,10.655000000000001,0.17916472867168906,37,20,5,18,90,6.787205308939873,15.224934008766667,7.522769778309254,13.236374813376788
1,6,7,12,7.434322386242451,12.394812568373887,-9.382087788965562,7.36036946548664,177.8,10.59,0.13747727084867542,34,20,5,19,95,7.434322386242451,12.394812568373887,7.522769778309254,13.236374813376788
1,7,7,12,7.247133179278767,11.513535726360283,2.7924588023438552,7.02885003914504,177.8,10.59,0.13747727084867542,34,20,5,20,100,4.4546743769349115,4.484685687215243,7.522769778309254,13.236374813376788
1,8,7,13,6.774734269510118,12.79114098909081,-0.005868346721098927,1.8207687880782908,178.9,10.695,0.17986105748604966,35,20,5,21,105,6.780602616231217,10.97037220101252,7.522769778309254,13.236374813376788
1,9,7,12,7.310426979225281,11.771409740951956,-1.8965283749749176,5.23805607718916,177.8,10.59,0.13747727084867542,34,20,5,22,110,9.206955354200199,6.533353663762797,7.522769778309254,13.236374813376788
1,10,6,15,6.202205366467022,15.252275252169943,-6.422999633258187,11.601891899781148,180.1,10.805,0.14000000000000018,36,20,5,23,115,6.202205366467022,15.252275252169943,7.522769778309254,13.236374813376788
1,11,7,13,7.132039542326397,12.782909805979706,0.5812912201572515,4.822034783399565,178.9,10.695,0.17986105748604966,35,20,5,24,120,6.550748322169145,7.960875022580142,7.522769778309254,13.236374813376788
2,0,1,15,1.0,14.934705684120726,-13.967910207079283,13.085174222264751,179.9,10.545,0.13729530217746,31,20,5,25,125,1.0,14.934705684120726,5.175440312138598,6.230946488885172
2,1,14,2,13.838896894567494,1.8495314618559746,-7.287879224678402,1.0998656256049097,159.29999999999998,9.514999999999999,0.16777961735562508,31,20,5,26,130,13.28805061842876,11.521671479281697,5.175440312138598,6.230946488885172
2,2,5,6,5.175440312138598,6.230946488885172,-2.3473294661706565,-7.005428324491616,184.9,10.545,0.2496998197836754,26,20,5,27,135,3.964354168406294,3.96389588638785,5.175440312138598,6.230946488885172
2,3,8,13,7.522769778309254,13.236374813376788,2.150107404813995,-7.521140072675267,178.2,10.709999999999999,0.18069310999592653,36,20,5,28,140,3.0498522198562417,16.32717138893259,5.175440312138598,6.230946488885172
2,4,2,13,2.1384847996475926,13.486700591285397,-4.571950824095534,-0.43896752173934644,180.29999999999998,10.514999999999999,0.21828879952943053,30,20,5,29,145,2.1384847996475926,13.486700591285397,5.175440312138598,6.230946488885172
2,5,10,8,10.406881738324461,7.971709336444162,3.6196764293845893,-7.253224672322505,179.0,10.6,0.2544602129999896,33,20,5,30,150,10.406881738324461,7.971709336444162,5.175440312138598,6.230946488885172
2,6,1,16,1.0,16.43326591883615,-8.183584932943203,4.038453350462262,179.60000000000002,10.580000000000002,0.20700241544484466,32,20,5,31,155,1.0,16.43326591883615,5.175440312138598,6.230946488885172
2,7,6,9,6.190193124474764,8.793141969878802,-1.0569400548040029,-2.720393756481482,186.0,10.8,0.23075961518428617,30,20,5,32,160,4.4546743769349115,4.484685687215243,5.175440312138598,6.230946488885172
2,8,6,11,6.25572693322594,10.546471495449186,-0.5190073362841777,-2.2446694936416236,181.10000000000002,10.655000000000001,0.2708320512790166,32,20,5,33,165,6.25572693322594,10.546471495449186,5.175440312138598,6.230946488885172
2,9,5,11,4.856311416782568,10.682984336666932,-2.4541155624427127,-1.0884254042850237,179.99999999999997,10.549999999999999,0.16881943016134138,31,20,5,34,170,9.206955354200199,6.533353663762797,5.175440312138598,6.230946488885172
2,10,1,20,1.0,20.0,-5.4218784251937535,6.790822288185234,175.9,10.595,0.12884098726725132,36,20,5,35,175,6.202205366467022,15.252275252169943,5.175440312138598,6.230946488885172
2,11,7,12,6.564348787938969,12.270772571184281,-0.5676907543874277,-0.5121372347954258,177.8,10.59,0.13747727084867542,34,20,5,36,180,6.550748322169145,7.960875022580142,5.175440312138598,6.230946488885172
3,0,1,20,1.0,20.0,-9.016758531843141,5.970657642740366,175.9,10.595,0.12884098726725132,36,20,5,37,185,1.0,14.934705684120726,2.4327464470919447,1.0
3,1,2,15,2.2455231731519625,14.70070280522006,-11.593373721415531,12.851171343364085,179.10000000000002,10.555000000000001,0.18668154702594453,32,20,5,38,190,2.2455231731519625,14.70070280522006,2.4327464470919447,1.0
3,2,2,1,2.4327464470919447,1.0,-2.742693865046653,-7.223231658474919,159.40000000000003,8.870000000000001,0.27313000567495344,18,20,5,39,195,3.964354168406294,3.96389588638785,2.4327464470919447,1.0
3,3,14,2,13.838896894567494,1.8495314618559746,-4.146020593548718,-18.33655246548455,159.29999999999998,9.514999999999999,0.16777961735562508,31,20,5,40,200,3.0498522198562417,16.32717138893259,2.4327464470919447,1.0
3,4,1,5,1.0,4.567782291581047,-3.4556531554515293,-8.91891829970435,186.7,10.385,0.32194720064010507,21,20,5,41,205,1.0,4.567782291581047,2.4327464470919447,1.0
3,5,8,13,7.522769778309254,13.236374813376788,-2.3304549738327696,-10.371792440508168,178.2,10.709999999999999,0.18069310999592653,36,20,5,42,210,10.406881738324461,7.971709336444162,2.4327464470919447,1.0
3,6,1,20,1.0,19.630335267865277,-6.543740027674037,3.1970693490291278,175.9,10.595,0.12884098726725132,36,20,5,43,215,1.0,16.43326591883615,2.4327464470919447,1.0
3,7,3,1,2.5705975753220986,1.0,-3.619595549152665,-8.399022736891853,155.79999999999995,8.739999999999998,0.11467344941179748,19,20,5,44,220,4.4546743769349115,4.484685687215243,2.4327464470919447,1.0
3,8,5,6,4.693203678380172,5.885737567514058,-1.5625232548457684,-4.660733927935128,184.9,10.545,0.2496998197836754,26,20,5,45,225,4.693203678380172,5.885737567514058,2.4327464470919447,1.0
3,9,3,1,3.0323885708221203,1.0,-1.8239228459604482,-11.590199264152824,155.79999999999995,8.739999999999998,0.11467344941179748,19,20,5,46,230,9.206955354200199,6.533353663762797,2.4327464470919447,1.0
3,10,2,15,1.615912894989059,15.166320669681953,0.6159128949890591,-4.833679330318047,179.10000000000002,10.555000000000001,0.18668154702594453,32,20,5,47,235,6.202205366467022,15.252275252169943,2.4327464470919447,1.0
3,11,3,3,3.2646539291860575,2.901009982928848,-3.2996948587529116,-9.369762588255433,186.2,10.36,0.07842193570679042,21,20,5,48,240,3.2646539291860575,2.901009982928848,2.4327464470919447,1.0
4,0,1,18,1.0,17.57533222553166,-6.7506688273086075,-2.4246677744683387,179.2,10.66,0.07516648189186435,34,20,5,49,245,1.0,14.934705684120726,13.838896894567494,1.8495314618559746
4,1,1,20,1.0,20.0,-9.253786135166491,8.750568405464529,175.9,10.595,0.12884098726725132,36,20,5,50,250,2.2455231731519625,14.70070280522006,13.838896894567494,1.8495314618559746
4,2,14,2,13.838896894567494,1.8495314618559746,-0.8608821572804215,-3.1984976765511304,159.29999999999998,9.514999999999999,0.16777961735562508,31,20,5,51,255,3.964354168406294,3.96389588638785,13.838896894567494,1.8495314618559746
4,3,1,1,1.0,1.0,-13.471398168805798,-1.0429773856882694,159.8,8.84,0.28748913022930134,17,20,5,52,260,3.0498522198562417,16.32717138893259,13.838896894567494,1.8495314618559746
4,4,8,13,7.522769778309254,13.236374813376788,6.96663716360964,-9.195415449963495,178.2,10.709999999999999,0.18069310999592653,36,20,5,53,265,1.0,4.567782291581047,13.838896894567494,1.8495314618559746
4,5,9,1,9.055358551237633,1.0,1.5325887729283791,-14.425254758841238,151.2,8.809999999999999,0.14966629547095742,25,20,5,54,270,10.406881738324461,7.971709336444162,13.838896894567494,1.8495314618559746
4,6,6,7,6.049496005508179,6.8844433859132526,5.049496005508179,-12.745891881952025,186.2,10.709999999999999,0.11683321445547919,28,20,5,55,275,6.049496005508179,6.8844433859132526,13.838896894567494,1.8495314618559746
4,7,5,1,5.0561435225151765,1.0,2.485545947193078,-5.904010695915272,153.3,8.715,0.24979991993593556,21,20,5,56,280,4.4546743769349115,4.484685687215243,13.838896894567494,1.8495314618559746
4,8,12,1,12.167848544606642,1.0,7.47464486622647,-7.578983075760183,146.20000000000002,8.71,0.36626493143624894,28,20,5,57,285,4.693203678380172,5.885737567514058,13.838896894567494,1.8495314618559746
4,9,18,1,18.000061425732053,1.0,14.967672854909933,-5.064016323678649,140.2,8.709999999999999,0.08602325267042621,34,20,5,58,290,9.206955354200199,6.533353663762797,13.838896894567494,1.8495314618559746
4,10,16,1,16.209696597693753,1.0,14.593783702704693,-15.017408368361819,143.2,8.76,0.3281005943304585,32,20,5,59,295,6.202205366467022,15.252275252169943,13.838896894567494,1.8495314618559746
4,11,6,19,6.4000469760655,19.037418326350096,-2.041189183396678,-7.555330173776861,173.9,10.695,0.10173494974687866,40,20,5,60,300,3.2646539291860575,2.901009982928848,13.838896894567494,1.8495314618559746
5,0,3,4,3.255877010607218,3.5788730656365217,2.255877010607218,-13.996459159895139,184.60000000000002,10.330000000000002,0.2980771712157777,22,20,5,61,305,3.255877010607218,3.5788730656365217,4.43184790609974,1.157529115275291
5,1,1,15,1.0,15.005302726035483,-0.3386366122585205,-4.994697273964517,179.9,10.545,0.13729530217746,31,20,5,62,310,1.0,15.005302726035483,4.43184790609974,1.157529115275291
5,2,4,1,4.43184790609974,1.157529115275291,-9.407048988467754,-0.6920023465806837,154.7,8.735,0.22226110770892882,20,20,5,63,315,3.964354168406294,3.96389588638785,4.43184790609974,1.157529115275291
5,3,1,2,1.0,2.2640565598890108,-7.367047083943195,1.2640565598890106,176.7,9.735,0.17073371078963887,18,20,5,64,320,3.0498522198562417,16.32717138893259,4.43184790609974,1.157529115275291
5,4,7,1,7.4589728168399025,1.0,-0.06379696146935099,-19.383454709227316,153.4,8.82,0.14089002803605366,23,20,5,65,325,1.0,4.567782291581047,4.43184790609974,1.157529115275291
5,5,9,1,8.552634871499793,1.0,-0.5027236797378403,-8.769477853978223,151.2,8.809999999999999,0.14966629547095742,25,20,5,66,330,10.406881738324461,7.971709336444162,4.43184790609974,1.157529115275291
5,6,9,1,9.312195656208283,1.0,3.262699650700104,-12.94714074496336,151.2,8.809999999999999,0.14966629547095742,25,20,5,67,335,6.049496005508179,6.8844433859132526,4.43184790609974,1.157529115275291
5,7,6,1,5.687231313168766,1.0,0.6310877906535893,-0.986017390261429,156.5,8.925,0.20736441353327728,22,20,5,68,340,4.4546743769349115,4.484685687215243,4.43184790609974,1.157529115275291
5,8,15,1,15.310871534559796,1.0,3.1430229899531548,-5.577426534434044,145.40000000000003,8.820000000000002,0.0913783344124853,31,20,5,69,345,4.693203678380172,5.885737567514058,4.43184790609974,1.157529115275291
5,9,14,2,13.838896894567494,1.8495314618559746,-6.614291743382182,-0.1364693391518148,159.29999999999998,9.514999999999999,0.16777961735562508,31,20,5,70,350,9.206955354200199,6.533353663762797,4.43184790609974,1.157529115275291
5,10,19,1,19.165502975078567,1.0,2.9558063773848158,-1.727966204985802,140.39999999999998,8.77,0.16688319268278617,35,20,5,71,355,6.202205366467022,15.252275252169943,4.43184790609974,1.157529115275291
5,11,3,1,2.5817615320945477,1.0,-3.8182854439709524,-18.556872002846614,155.79999999999995,8.739999999999998,0.11467344941179748,19,20,5,72,360,3.2646539291860575,2.901009982928848,4.43184790609974,1.157529115275291
6,0,5,1,5.253352558822091,1.0,1.9974755482148734,-11.594092128129692,153.3,8.715,0.24979991993593556,21,20,5,73,365,3.255877010607218,3.5788730656365217,1.0,1.0
6,1,14,2,13.838896894567494,1.8495314618559746,2.698768684380646,-15.978639755843826,159.29999999999998,9.514999999999999,0.16777961735562508,31,20,5,74,370,1.0,15.005302726035483,1.0,1.0
6,2,1,1,1.0,1.0,-7.528886889726025,-0.5341059275092888,159.8,8.84,0.28748913022930134,17,20,5,75,375,3.964354168406294,3.96389588638785,1.0,1.0
6,3,1,7,1.0,6.640093141669482,-5.315758206258101,4.376036581780471,187.79999999999998,10.54,0.21071307505705472,23,20,5,76,380,1.0,6.640093141669482,1.0,1.0
6,4,2,1,2.3020305265254457,1.0,-5.156942290314457,-15.449344974672973,159.40000000000003,8.870000000000001,0.27313000567495344,18,20,5,77,385,1.0,4.567782291581047,1.0,1.0
6,5,1,1,1.0,1.0,-8.74129983705081,-6.961805986416832,159.8,8.84,0.28748913022930134,17,20,5,78,390,10.406881738324461,7.971709336444162,1.0,1.0
6,6,9,1,8.86464051846966,1.0,-0.44755513773862265,-10.154314391088212,151.2,8.809999999999999,0.14966629547095742,25,20,5,79,395,6.049496005508179,6.8844433859132526,1.0,1.0
6,7,3,1,2.930843151264144,1.2176608832676687,-2.756388161904622,0.21766088326766864,155.79999999999995,8.739999999999998,0.11467344941179748,19,20,5,80,400,4.4546743769349115,4.484685687215243,1.0,1.0
6,8,8,13,7.522769778309254,13.236374813376788,-9.164012615241436,-3.4282381787456795,178.2,10.709999999999999,0.18069310999592653,36,20,5,81,405,4.693203678380172,5.885737567514058,1.0,1.0
6,9,1,4,1.0,3.9864459546392346,-18.414778329440352,2.13691449278326,186.39999999999998,10.319999999999999,0.21874642854227347,20,20,5,82,410,1.0,3.9864459546392346,1.0,1.0
6,10,4,1,4.045459353995046,1.0,-15.120043621083521,-1.3332296497915268,154.7,8.735,0.22226110770892882,20,20,5,83,415,6.202205366467022,15.252275252169943,1.0,1.0
6,11,1,1,1.0,1.0,-3.5115268780993696,-13.674641091669232,159.8,8.84,0.28748913022930134,17,20,5,84,420,3.2646539291860575,2.901009982928848,1.0,1.0
7,0,5,1,4.773349889424908,1.0,-0.48000266939718406,-8.239311895549017,153.3,8.715,0.24979991993593556,21,20,5,85,425,3.255877010607218,3.5788730656365217,1.0,1.4474307150214858
7,1,1,1,1.0,1.0,-18.56308336479238,-8.187063887328126,159.8,8.84,0.28748913022930134,17,20,5,86,430,1.0,15.005302726035483,1.0,1.4474307150214858
7,2,1,1,1.0,1.4474307150214858,-5.148258804938624,0.4474307150214858,159.8,8.84,0.28748913022930134,17,20,5,87,435,3.964354168406294,3.96389588638785,1.0,1.4474307150214858
7,3,1,5,1.0,4.895823708279733,-4.252606565006481,-1.744269433389749,186.7,10.385,0.32194720064010507,21,20,5,88,440,1.0,6.640093141669482,1.0,1.4474307150214858
7,4,1,1,1.0,1.0,-5.243348875069617,-11.934393475281555,159.8,8.84,0.28748913022930134,17,20,5,89,445,1.0,4.567782291581047,1.0,1.4474307150214858
7,5,1,1,1.0,1.0,-0.7130381583050678,-0.4544954401029593,159.8,8.84,0.28748913022930134,17,20,5,90,450,10.406881738324461,7.971709336444162,1.0,1.4474307150214858
7,6,14,2,13.838896894567494,1.8495314618559746,-9.106544740177974,-5.535500032572439,159.29999999999998,9.514999999999999,0.16777961735562508,31,20,5,91,455,6.049496005508179,6.8844433859132526,1.0,1.4474307150214858
7,7,2,4,1.8249142514136398,3.812152662277011,-1.1059288998505044,2.5944917790093425,186.3,10.365,0.3088689042296101,21,20,5,92,460,4.4546743769349115,4.484685687215243,1.0,1.4474307150214858
7,8,8,13,7.522769778309254,13.236374813376788,-9.240892592667866,-6.632030287112102,178.2,10.709999999999999,0.18069310999592653,36,20,5,93,465,4.693203678380172,5.885737567514058,1.0,1.4474307150214858
7,9,6,19,6.4000469760655,19.037418326350096,-14.731822663552283,-0.9414954015444343,173.9,10.695,0.10173494974687866,40,20,5,94,470,1.0,3.9864459546392346,1.0,1.4474307150214858
7,10,1,5,1.0,5.186362191639385,-13.04822784025417,4.186362191639385,186.7,10.385,0.32194720064010507,21,20,5,95,475,1.0,5.186362191639385,1.0,1.4474307150214858
7,11,1,1,1.0,1.0,-0.21873645404025543,-8.2481516826394,159.8,8.84,0.28748913022930134,17,20,5,96,480,3.2646539291860575,2.901009982928848,1.0,1.4474307150214858
8,0,3,1,2.6481392219550397,1.0,-2.125210667469868,-5.421303798127743,155.79999999999995,8.739999999999998,0.11467344941179748,19,20,5,97,485,3.255877010607218,3.5788730656365217,1.0,2.5480434059082984
8,1,1,1,1.0,1.0,-14.850466691833905,-0.05112339014932166,159.8,8.84,0.28748913022930134,17,20,5,98,490,1.0,15.005302726035483,1.0,2.5480434059082984
8,2,1,3,1.0,2.5480434059082984,-3.2437563371087044,1.1006126908868126,184.0,10.15,0.317017349682947,19,20,5,99,495,3.964354168406294,3.96389588638785,1.0,2.5480434059082984
8,3,1,2,1.0,1.6583764257999878,-3.4020852520051847,-3.237447282479745,176.7,9.735,0.17073371078963887,18,20,5,100,500,1.0,6.640093141669482,1.0,2.5480434059082984
8,4,1,1,1.0,1.0,-4.194679100055693,-8.192003088752292,159.8,8.84,0.28748913022930134,17,20,5,101,505,1.0,4.567782291581047,1.0,2.5480434059082984
8,5,7,7,6.7095711846915265,6.884508514943463,5.7095711846915265,5.884508514943463,182.8,10.59,0.22836374493338496,29,20,5,102,510,6.7095711846915265,6.884508514943463,1.0,2.5480434059082984
8,6,14,2,13.838896894567494,1.8495314618559746,-22.733215675145242,-1.9041761032830666,159.29999999999998,9.514999999999999,0.16777961735562508,31,20,5,103,515,6.049496005508179,6.8844433859132526,1.0,2.5480434059082984
8,7,3,6,2.873680964859439,6.366850804895837,1.0487667134457987,2.554698142618826,185.1,10.455,0.28346075566116735,24,20,5,104,520,4.4546743769349115,4.484685687215243,1.0,2.5480434059082984
8,8,8,13,7.522769778309254,13.236374813376788,-9.30239657460901,-8.966328039518032,178.2,10.709999999999999,0.18069310999592653,36,20,5,105,525,4.693203678380172,5.885737567514058,1.0,2.5480434059082984
8,9,6,19,6.4000469760655,19.037418326350096,-19.81117678026947,-24.624281464606593,173.9,10.695,0.10173494974687866,40,20,5,106,530,1.0,3.9864459546392346,1.0,2.5480434059082984
8,10,1,7,1.0,7.054833415530233,-10.438582272203336,1.8684712238908472,187.79999999999998,10.54,0.21071307505705472,23,20,5,107,535,1.0,7.054833415530233,1.0,2.5480434059082984
8,11,3,1,3.415495885207036,1.0,2.415495885207036,-2.6351190038202663,155.79999999999995,8.739999999999998,0.11467344941179748,19,20,5,108,540,3.2646539291860575,2.901009982928848,1.0,2.5480434059082984
9,0,1,1,1.3879986200296563,1.0,-1.2601406019253834,-1.0696015050940162,159.8,8.84,0.28748913022930134,17,20,5,109,545,3.255877010607218,3.5788730656365217,1.0,3.4383695462386195
9,1,14,2,13.838896894567494,1.8495314618559746,-11.880373353467125,7.537686576548485,159.29999999999998,9.514999999999999,0.16777961735562508,31,20,5,110,550,1.0,15.005302726035483,1.0,3.4383695462386195
9,2,1,3,1.0,3.4383695462386195,-2.574411574738644,0.8903261403303212,184.0,10.15,0.317017349682947,19,20,5,111,555,3.964354168406294,3.96389588638785,1.0,3.4383695462386195
9,3,1,1,1.0,1.3174137713317133,-2.721668201604148,-0.34096265446827445,159.8,8.84,0.28748913022930134,17,20,5,112,560,1.0,6.640093141669482,1.0,3.4383695462386195
9,4,1,1,1.0,1.0,-3.355743280044555,-4.607862188514925,159.8,8.84,0.28748913022930134,17,20,5,113,565,1.0,4.567782291581047,1.0,3.4383695462386195
9,5,5,8,4.962284054227817,7.78059005307664,-1.7472871304637092,0.8960815381331773,182.5,10.525,0.22416511771459918,28,20,5,114,570,6.7095711846915265,6.884508514943463,1.0,3.4383695462386195
9,6,1,1,1.0,1.063135832662355,-23.00452539007509,-0.7863956291936195,159.8,8.84,0.28748913022930134,17,20,5,115,575,6.049496005508179,6.8844433859132526,1.0,3.4383695462386195
9,7,3,6,3.007975878664254,6.051842504702054,0.13429491380481506,-0.31500830019378356,185.1,10.455,0.28346075566116735,24,20,5,116,580,4.4546743769349115,4.484685687215243,1.0,3.4383695462386195
9,8,8,13,7.522769778309254,13.236374813376788,-12.339603386522985,-15.18593514705374,178.2,10.709999999999999,0.18069310999592653,36,20,5,117,585,4.693203678380172,5.885737567514058,1.0,3.4383695462386195
9,9,1,1,1.0,1.0,-23.522919810246606,-41.52509807501317,159.8,8.84,0.28748913022930134,17,20,5,118,590,1.0,3.9864459546392346,1.0,3.4383695462386195
9,10,1,5,1.0,5.077584677933103,-8.350865817762669,-1.9772487375971295,186.7,10.385,0.32194720064010507,21,20,5,119,595,1.0,7.054833415530233,1.0,3.4383695462386195
9,11,4,1,3.914962455659686,1.4154753749085605,0.49946657045264975,0.41547537490856046,154.7,8.735,0.22226110770892882,20,20,5,120,600,3.2646539291860575,2.901009982928848,1.0,3.4383695462386195
10,0,2,4,2.2739964535704833,3.8532527620113943,0.885997833540827,2.8532527620113943,186.3,10.365,0.3088689042296101,21,20,5,121,605,2.2739964535704833,3.8532527620113943,1.0,4.503326926631125
10,1,1,18,1.0,18.465879740760364,-32.76016450825155,16.61634827890439,179.2,10.66,0.07516648189186435,34,20,5,122,610,1.0,15.005302726035483,1.0,4.503326926631125
10,2,1,5,1.0,4.503326926631125,-0.07006238515003527,1.0649573803925052,186.7,10.385,0.32194720064010507,21,20,5,123,615,3.964354168406294,3.96389588638785,1.0,4.503326926631125
10,3,1,4,1.0,4.080388139485109,-2.177334561283318,2.7629743681533956,186.39999999999998,10.319999999999999,0.21874642854227347,20,20,5,124,620,1.0,6.640093141669482,1.0,4.503326926631125
10,4,14,2,13.838896894567494,1.8495314618559746,-2.684594624035644,-2.371083989888646,159.29999999999998,9.514999999999999,0.16777961735562508,31,20,5,125,625,1.0,4.567782291581047,1.0,4.503326926631125
10,5,1,5,1.0,4.986172953783071,-4.8412481820615065,-2.794417099293569,186.7,10.385,0.32194720064010507,21,20,5,126,630,1.0,4.986172953783071,1.0,4.503326926631125
10,6,1,9,1.0,8.565286757771698,-13.50774189934834,7.502150925109344,188.1,10.655,0.21295539439046862,25,20,5,127,635,1.0,8.565286757771698,1.0,4.503326926631125
10,7,2,5,2.256617475438007,5.133137144641297,-0.7513584032262469,-0.9187053600607576,185.7,10.385,0.07842193570679071,22,20,5,128,640,4.4546743769349115,4.484685687215243,1.0,4.503326926631125
10,8,1,1,1.0,1.0,-12.635581136470512,-16.64559357996829,159.8,8.84,0.28748913022930134,17,20,5,129,645,4.693203678380172,5.885737567514058,1.0,4.503326926631125
10,9,1,1,1.0,1.0,-18.818335848197286,-28.06076962249197,159.8,8.84,0.28748913022930134,17,20,5,130,650,1.0,3.9864459546392346,1.0,4.503326926631125
10,10,1,3,1.0,3.4583237369730746,-6.6806926542101355,-1.6192609409600287,184.0,10.15,0.317017349682947,19,20,5,131,655,1.0,7.054833415530233,1.0,4.503326926631125
10,11,1,6,1.0,6.441128821790617,-3.147002588867709,5.025653446882056,184.2,10.309999999999999,0.17363755354185323,22,20,5,132,660,3.2646539291860575,2.901009982928848,1.0,4.503326926631125
11,0,14,2,13.838896894567494,1.8495314618559746,-0.5746611396255494,2.937504975734043,159.29999999999998,9.514999999999999,0.16777961735562508,31,20,5,133,665,2.2739964535704833,3.8532527620113943,1.2683035854628177,5.296269403746482
11,1,1,16,1.0,16.31854769726058,-26.208131606601242,-2.147332043499784,179.60000000000002,10.580000000000002,0.20700241544484466,32,20,5,134,670,1.0,15.005302726035483,1.2683035854628177,5.296269403746482
11,2,1,5,1.2683035854628177,5.296269403746482,0.26830358546281774,0.792942477115357,186.7,10.385,0.32194720064010507,21,20,5,135,675,3.964354168406294,3.96389588638785,1.2683035854628177,5.296269403746482
11,3,1,9,1.0,8.765518530000104,-1.5649842642618743,4.685130390514995,188.1,10.655,0.21295539439046862,25,20,5,136,680,1.0,8.765518530000104,1.2683035854628177,5.296269403746482
11,4,10,1,10.139011531548833,1.0,-3.699885363018661,-1.5233219344762539,151.10000000000002,8.855,0.19261360284258247,26,20,5,137,685,1.0,4.567782291581047,1.2683035854628177,5.296269403746482
11,5,1,3,1.0,2.853490445868368,-3.7840090132273922,-2.132682507914703,184.0,10.15,0.317017349682947,19,20,5,138,690,1.0,4.986172953783071,1.2683035854628177,5.296269403746482
11,6,1,14,1.0,14.166517139140623,-10.773323397496858,5.601230381368925,182.40000000000003,10.620000000000001,0.16309506430300116,30,20,5,139,695,1.0,8.565286757771698,1.2683035854628177,5.296269403746482
11,7,3,4,2.54895169801522,4.078434435843536,0.2923342225772128,-1.0547027087977605,184.60000000000002,10.330000000000002,0.2980771712157777,22,20,5,140,700,4.4546743769349115,4.484685687215243,1.2683035854628177,5.296269403746482
11,8,1,1,1.0,1.0,-8.813567996163194,-9.32609611131046,159.8,8.84,0.28748913022930134,17,20,5,141,705,4.693203678380172,5.885737567514058,1.2683035854628177,5.296269403746482
11,9,1,1,1.0,1.0,-14.8323015034136,-15.703796643414613,159.8,8.84,0.28748913022930134,17,20,5,142,710,1.0,3.9864459546392346,1.2683035854628177,5.296269403746482
11,10,8,13,7.522769778309254,13.236374813376788,-5.269866679399881,1.6818518934789441,178.2,10.709999999999999,0.18069310999592653,36,20,5,143,715,1.0,7.054833415530233,1.2683035854628177,5.296269403746482
11,11,1,10,1.0,9.924531741442987,-2.351857565391586,3.4834029196523706,187.2,10.66,0.14628738838327823,26,20,5,144,720,1.0,9.924531741442987,1.2683035854628177,5.296269403746482
12,0,5,6,4.534569344108284,5.816252276532012,-9.30432755045921,3.9667208146760373,184.9,10.545,0.2496998197836754,26,20,5,145,725,2.2739964535704833,3.8532527620113943,3.9563711817439344,4.708270353378648
12,1,1,5,1.0,5.285057519607381,-20.760598589112337,-11.0334901776532,186.7,10.385,0.32194720064010507,21,20,5,146,730,1.0,5.285057519607381,3.9563711817439344,4.708270353378648
12,2,4,5,3.9563711817439344,4.708270353378648,2.6880675962811167,-0.5879990503678345,186.5,10.525,0.24748737341529153,24,20,5,147,735,3.964354168406294,3.96389588638785,3.9563711817439344,4.708270353378648
12,3,3,9,2.548357366419248,8.670501310881356,1.548357366419248,-0.0950172191187475,187.2,10.709999999999999,0.11683321445547916,27,20,5,148,740,1.0,8.765518530000104,3.9563711817439344,4.708270353378648
12,4,14,2,13.838896894567494,1.8495314618559746,-14.208459190210412,4.241892849187735,159.29999999999998,9.514999999999999,0.16777961735562508,31,20,5,149,745,1.0,4.567782291581047,3.9563711817439344,4.708270353378648
12,5,1,3,1.0,3.1741972248140287,-0.8721640430683175,0.3207067789456608,184.0,10.15,0.317017349682947,19,20,5,150,750,1.0,4.986172953783071,3.9563711817439344,4.708270353378648
12,6,1,7,1.0,6.9975233776918095,-5.768307231979274,-7.168993761448814,187.79999999999998,10.54,0.21071307505705472,23,20,5,151,755,1.0,8.565286757771698,3.9563711817439344,4.708270353378648
12,7,5,4,5.224540999343057,3.9907005267938973,2.675589301327838,-0.08773390904963885,184.59999999999997,10.429999999999998,0.1111305538544642,24,20,5,152,760,4.4546743769349115,4.484685687215243,3.9563711817439344,4.708270353378648
12,8,1,1,1.0,1.0,-3.1369577130328112,-2.3092846879724,159.8,8.84,0.28748913022930134,17,20,5,153,765,4.693203678380172,5.885737567514058,3.9563711817439344,4.708270353378648
12,9,1,1,1.0,1.0,-9.817376647100998,-9.682669306873677,159.8,8.84,0.28748913022930134,17,20,5,154,770,1.0,3.9864459546392346,3.9563711817439344,4.708270353378648
12,10,1,8,1.0,7.536961254097566,-11.610573431494998,-5.699413559279222,187.0,10.55,0.08215838362577522,24,20,5,155,775,1.0,7.054833415530233,3.9563711817439344,4.708270353378648
12,11,8,13,7.522769778309254,13.236374813376788,1.213665062271523,-2.6744042470738085,178.2,10.709999999999999,0.18069310999592653,36,20,5,156,780,1.0,9.924531741442987,3.9563711817439344,4.708270353378648
13,0,1,8,1.0,7.91989949149423,-8.260481662324493,2.1036472149622183,187.0,10.55,0.08215838362577522,24,20,5,157,785,1.0,7.91989949149423,6.115402089868425,3.438123556404153
13,1,1,1,1.0,1.0,-15.46606874634354,-9.0496760285262,159.8,8.84,0.28748913022930134,17,20,5,158,790,1.0,5.285057519607381,6.115402089868425,3.438123556404153
13,2,6,3,6.115402089868425,3.438123556404153,2.1590309081244907,-1.2701467969744946,178.10000000000002,10.105,0.3344398301638124,24,20,5,159,795,3.964354168406294,3.96389588638785,6.115402089868425,3.438123556404153
13,3,6,3,5.900527168483863,3.358387828592557,3.3521698020646147,-5.312113482288799,178.10000000000002,10.105,0.3344398301638124,24,20,5,160,800,1.0,8.765518530000104,6.115402089868425,3.438123556404153
13,4,1,6,1.0,6.4300540052084925,-16.993180879977363,4.580522543352518,184.2,10.309999999999999,0.17363755354185323,22,20,5,161,805,1.0,4.567782291581047,6.115402089868425,3.438123556404153
13,5,4,5,3.7860818430830117,4.945088578866866,2.7860818430830117,1.7708913540528373,186.5,10.525,0.24748737341529153,24,20,5,162,810,1.0,4.986172953783071,6.115402089868425,3.438123556404153
13,6,14,2,13.838896894567494,1.8495314618559746,-0.930079886704597,-8.03150809723844,159.29999999999998,9.514999999999999,0.16777961735562508,31,20,5,163,815,1.0,8.565286757771698,6.115402089868425,3.438123556404153
13,7,8,13,7.522769778309254,13.236374813376788,2.3575212454867196,-0.19813582487122072,178.2,10.709999999999999,0.18069310999592653,36,20,5,164,820,4.4546743769349115,4.484685687215243,6.115402089868425,3.438123556404153
13,8,5,3,5.040644939666465,3.2492820222640324,4.040644939666465,2.2492820222640324,178.50000000000003,10.075000000000001,0.1823458252881049,23,20,5,165,825,4.693203678380172,5.885737567514058,6.115402089868425,3.438123556404153
13,9,1,1,1.0,1.0,-5.975356776593623,-4.848530271357266,159.8,8.84,0.28748913022930134,17,20,5,166,830,1.0,3.9864459546392346,6.115402089868425,3.438123556404153
13,10,6,19,6.4000469760655,19.037418326350096,-7.874832195813151,-6.124314191358016,173.9,10.695,0.10173494974687866,40,20,5,167,835,1.0,7.054833415530233,6.115402089868425,3.438123556404153
13,11,4,8,3.995733206701515,8.371486286032486,-3.030111983786994,-6.466876759884453,186.7,10.684999999999999,0.2759528945309324,27,20,5,168,840,1.0,9.924531741442987,6.115402089868425,3.438123556404153
14,0,1,8,1.0,7.830297611571375,-4.585269747343936,-0.08960187992285595,187.0,10.55,0.08215838362577522,24,20,5,169,845,1.0,7.91989949149423,7.59372474844346,2.4828442893203135
14,1,1,1,1.0,1.0,-6.583556172398305,-3.9469734055566894,159.8,8.84,0.28748913022930134,17,20,5,170,850,1.0,5.285057519607381,7.59372474844346,2.4828442893203135
14,2,8,2,7.59372474844346,2.4828442893203135,1.4783226585750344,-0.9552792670838395,168.1,9.655,0.2181742422927138,25,20,5,171,855,3.964354168406294,3.96389588638785,7.59372474844346,2.4828442893203135
14,3,14,2,13.838896894567494,1.8495314618559746,2.0157247783604886,-3.177093789861263,159.29999999999998,9.514999999999999,0.16777961735562508,31,20,5,172,860,1.0,8.765518530000104,7.59372474844346,2.4828442893203135
14,4,1,8,1.0,7.862455702600057,-11.604528547791402,1.4324016973915648,187.0,10.55,0.08215838362577522,24,20,5,173,865,1.0,7.862455702600057,7.59372474844346,2.4828442893203135
14,5,8,4,7.5124616809836855,3.8593862889671824,3.7263798379006743,-1.0857022898996833,184.0,10.55,0.1369306393762917,27,20,5,174,870,1.0,4.986172953783071,7.59372474844346,2.4828442893203135
14,6,5,1,4.9865113293799155,1.0,-8.852385565187578,-3.0362579761221946,153.3,8.715,0.24979991993593556,21,20,5,175,875,1.0,8.565286757771698,7.59372474844346,2.4828442893203135
14,7,7,1,6.546564263933044,1.0,-0.976205514376209,-16.49982498530326,153.4,8.82,0.14089002803605366,23,20,5,176,880,4.4546743769349115,4.484685687215243,7.59372474844346,2.4828442893203135
14,8,9,5,8.960927350772872,5.0105049098203365,3.9202824111064074,1.7612228875563043,179.2,10.41,0.22394195676558706,29,20,5,177,885,4.693203678380172,5.885737567514058,7.59372474844346,2.4828442893203135
14,9,1,1,1.0,1.0,-0.8946641446765571,-0.7130819577787698,159.8,8.84,0.28748913022930134,17,20,5,178,890,1.0,3.9864459546392346,7.59372474844346,2.4828442893203135
14,10,1,1,1.0,1.0,-6.545735390384503,-20.078725886257054,159.8,8.84,0.28748913022930134,17,20,5,179,895,1.0,7.054833415530233,7.59372474844346,2.4828442893203135
14,11,1,1,1.0,1.1938981724210276,-3.1383728181311152,-7.177588113611458,159.8,8.84,0.28748913022930134,17,20,5,180,900,1.0,9.924531741442987,7.59372474844346,2.4828442893203135
15,0,1,6,1.0,6.190915615309842,-1.6907659996122912,-1.6393819962615328,184.2,10.309999999999999,0.17363755354185323,22,20,5,181,905,1.0,7.91989949149423,7.705270168468993,2.155714071322535
15,1,4,1,3.5662123651550903,1.4296366860661192,2.5662123651550903,0.42963668606611916,154.7,8.735,0.22226110770892882,20,20,5,182,910,1.0,5.285057519607381,7.705270168468993,2.155714071322535
15,2,8,2,7.705270168468993,2.155714071322535,0.1115454200255328,-0.32713021799777847,168.1,9.655,0.2181742422927138,25,20,5,183,915,3.964354168406294,3.96389588638785,7.705270168468993,2.155714071322535
15,3,5,2,5.35878372108639,1.7164146076138846,-8.480113173481104,-0.1331168542420899,167.2,9.459999999999999,0.2732215218462853,22,20,5,184,920,1.0,8.765518530000104,7.705270168468993,2.155714071322535
15,4,1,4,1.0,4.184046921068571,-3.6151627857279793,-3.6784087815314863,186.39999999999998,10.319999999999999,0.21874642854227347,20,20,5,185,925,1.0,7.862455702600057,7.705270168468993,2.155714071322535
15,5,6,2,6.344378092093365,1.9890170769615063,-1.1680835888903205,-1.870369212005676,169.5,9.625,0.16733200530681502,23,20,5,186,930,1.0,4.986172953783071,7.705270168468993,2.155714071322535
15,6,14,2,13.838896894567494,1.8495314618559746,-5.868647146887721,1.46801521613861,159.29999999999998,9.514999999999999,0.16777961735562508,31,20,5,187,935,1.0,8.565286757771698,7.705270168468993,2.155714071322535
15,7,4,1,4.23488849025474,1.0,-2.3116757736783047,-10.604953735924358,154.7,8.735,0.22226110770892882,20,20,5,188,940,4.4546743769349115,4.484685687215243,7.705270168468993,2.155714071322535
15,8,8,13,7.522769778309254,13.236374813376788,2.039568542213994,0.9870652775280376,178.2,10.709999999999999,0.18069310999592653,36,20,5,189,945,4.693203678380172,5.885737567514058,7.705270168468993,2.155714071322535
15,9,6,19,6.4000469760655,19.037418326350096,6.285350029964153,1.956586928669863,173.9,10.695,0.10173494974687866,40,20,5,190,950,1.0,3.9864459546392346,7.705270168468993,2.155714071322535
15,10,1,1,1.0,1.0,-1.4736058744382823,-13.289447360509023,159.8,8.84,0.28748913022930134,17,20,5,191,955,1.0,7.054833415530233,7.705270168468993,2.155714071322535
15,11,6,7,6.237748227564634,6.550047679480277,5.237748227564634,5.356149507059249,186.2,10.709999999999999,0.11683321445547919,28,20,5,192,960,1.0,9.924531741442987,7.705270168468993,2.155714071322535
16,0,2,4,1.7690368262100824,3.893972627473283,0.7690368262100824,-2.296942987836559,186.3,10.365,0.3088689042296101,21,20,5,193,965,1.0,7.91989949149423,5.5353169102364035,2.9859952665622895
16,1,6,4,6.163381243401775,4.093630707085285,2.597168878246685,2.6639940210191657,182.89999999999998,10.395,0.12688577540449497,25,20,5,194,970,1.0,5.285057519607381,5.5353169102364035,2.9859952665622895
16,2,6,3,5.5353169102364035,2.9859952665622895,-2.169953258232589,0.8302811952397545,178.10000000000002,10.105,0.3344398301638124,24,20,5,195,975,3.964354168406294,3.96389588638785,5.5353169102364035,2.9859952665622895
16,3,14,2,13.838896894567494,1.8495314618559746,-11.202672153175662,8.527039652558875,159.29999999999998,9.514999999999999,0.16777961735562508,31,20,5,196,980,1.0,8.765518530000104,5.5353169102364035,2.9859952665622895
16,4,1,5,1.0,4.939662193737784,-2.419966116829657,0.7556152726692128,186.7,10.385,0.32194720064010507,21,20,5,197,985,1.0,7.862455702600057,5.5353169102364035,2.9859952665622895
16,5,8,13,7.522769778309254,13.236374813376788,-5.515535437860373,1.6865243485432275,178.2,10.709999999999999,0.18069310999592653,36,20,5,198,990,1.0,4.986172953783071,5.5353169102364035,2.9859952665622895
16,6,1,8,1.0,7.587762547650646,-14.295707865458724,5.738231085794672,187.0,10.55,0.08215838362577522,24,20,5,199,995,1.0,8.565286757771698,5.5353169102364035,2.9859952665622895
16,7,4,1,3.7173623568445433,1.0,-0.5175261334101964,-6.443160532685655,154.7,8.735,0.22226110770892882,20,20,5,200,1000,4.4546743769349115,4.484685687215243,5.5353169102364035,2.9859952665622895
16,8,6,3,6.4228804250092,3.0710685878779653,-1.099889353300053,-10.165306225498822,178.10000000000002,10.105,0.3344398301638124,24,20,5,201,1005,4.693203678380172,5.885737567514058,5.5353169102364035,2.9859952665622895
16,9,9,1,8.963843036124144,1.0,2.5637960600586442,-18.61593742185245,151.2,8.809999999999999,0.14966629547095742,25,20,5,202,1010,1.0,3.9864459546392346,5.5353169102364035,2.9859952665622895
16,10,4,1,3.5132421376497263,1.0,2.5132421376497263,-3.670736070000011,154.7,8.735,0.22226110770892882,20,20,5,203,1015,1.0,7.054833415530233,5.5353169102364035,2.9859952665622895
16,11,8,9,8.160165649250295,9.054931323102817,1.9224174216856618,2.504883643622541,183.7,10.785,0.30438462510448866,32,20,5,204,1020,1.0,9.924531741442987,5.5353169102364035,2.9859952665622895
17,0,2,6,2.4548922118683953,6.453861869384157,0.6858553856583129,2.559889241910874,185.7,10.434999999999999,0.21189620100417045,23,20,5,205,1025,1.0,7.91989949149423,1.9642058018333133,4.792572494780725
17,1,8,6,7.597392820839092,5.673369977812667,1.434011577437316,1.5797392707273823,185.3,10.715,0.23801260470823812,29,20,5,206,1030,1.0,5.285057519607381,1.9642058018333133,4.792572494780725
17,2,2,5,1.9642058018333133,4.792572494780725,-3.57111110840309,1.806577228218435,185.7,10.385,0.07842193570679071,22,20,5,207,1035,3.964354168406294,3.96389588638785,1.9642058018333133,4.792572494780725
17,3,1,17,1.0,17.100000498037474,-27.649080799900915,15.2504690361815,179.09999999999997,10.604999999999999,0.20940391591371907,33,20,5,208,1040,1.0,8.765518530000104,1.9642058018333133,4.792572494780725
17,4,1,8,1.0,7.553858395024397,-1.0198238312440349,2.614196201286613,187.0,10.55,0.08215838362577522,24,20,5,209,1045,1.0,7.862455702600057,1.9642058018333133,4.792572494780725
17,5,1,8,1.0,8.310819379442862,-9.299142852580886,-4.925555433933925,187.0,10.55,0.08215838362577522,24,20,5,210,1050,1.0,8.310819379442862,1.9642058018333133,4.792572494780725
17,6,1,11,1.0,10.670897180574347,-10.696596937355643,3.083134632923701,183.8,10.540000000000001,0.18681541692269388,27,20,5,211,1055,1.0,8.565286757771698,1.9642058018333133,4.792572494780725
17,7,4,1,3.6046303842328014,1.0,-0.11273197261174178,-1.1460569472654671,154.7,8.735,0.22226110770892882,20,20,5,212,1060,4.4546743769349115,4.484685687215243,1.9642058018333133,4.792572494780725
17,8,1,1,1.0,1.0,-6.4183514068180845,-4.361595528381352,159.8,8.84,0.28748913022930134,17,20,5,213,1065,4.693203678380172,5.885737567514058,1.9642058018333133,4.792572494780725
17,9,14,2,13.838896894567494,1.8495314618559746,-9.082433569068833,-9.753292219051577,159.29999999999998,9.514999999999999,0.16777961735562508,31,20,5,214,1070,1.0,3.9864459546392346,1.9642058018333133,4.792572494780725
17,10,4,3,3.5994396021157025,2.743843767724269,0.0861974644659762,1.743843767724269,182.70000000000002,10.235000000000001,0.13285330255586442,22,20,5,215,1075,1.0,7.054833415530233,1.9642058018333133,4.792572494780725
17,11,1,7,1.0,7.342262883227507,-7.671152803382035,-1.7126684398753107,187.79999999999998,10.54,0.21071307505705472,23,20,5,216,1080,1.0,7.342262883227507,1.9642058018333133,4.792572494780725
18,0,1,9,1.3732434344879836,9.298989196169472,-1.0816487773804118,2.845127326785315,188.1,10.655,0.21295539439046862,25,20,5,217,1085,1.3732434344879836,9.298989196169472,1.0,5.4774990484243915
18,1,4,7,3.710104986154022,6.572463898032212,-3.88728783468507,0.8990939202195445,188.0,10.7,0.12845232578665133,26,20,5,218,1090,3.710104986154022,6.572463898032212,1.0,5.4774990484243915
18,2,1,5,1.0,5.4774990484243915,-1.0216937686368006,0.6849265536436668,186.7,10.385,0.32194720064010507,21,20,5,219,1095,3.964354168406294,3.96389588638785,1.0,5.4774990484243915
18,3,1,17,1.0,16.774550435318467,-22.119264639920733,-0.3254500627190078,179.09999999999997,10.604999999999999,0.20940391591371907,33,20,5,220,1100,1.0,8.765518530000104,1.0,5.4774990484243915
18,4,1,9,1.0,8.502337461570804,-0.815859064995228,0.9484790665464056,188.1,10.655,0.21295539439046862,25,20,5,221,1105,1.0,8.502337461570804,1.0,5.4774990484243915
18,5,1,2,1.0,1.901606175292038,-7.439314282064709,-6.409213204150824,176.7,9.735,0.17073371078963887,18,20,5,222,1110,1.0,8.310819379442862,1.0,5.4774990484243915
18,6,1,9,1.0,8.533796880437825,-8.557277549884516,-2.1371003001365216,188.1,10.655,0.21295539439046862,25,20,5,223,1115,1.0,8.565286757771698,1.0,5.4774990484243915
18,7,2,7,1.6647652173191574,6.900177455088808,-1.939865166913644,5.900177455088808,184.6,10.43,0.3014133374620307,24,20,5,224,1120,4.4546743769349115,4.484685687215243,1.0,5.4774990484243915
18,8,1,1,1.0,1.1918742249448977,-2.5769558263164667,0.19187422494489775,159.8,8.84,0.28748913022930134,17,20,5,225,1125,4.693203678380172,5.885737567514058,1.0,5.4774990484243915
18,9,1,1,1.0,1.0,-25.49447879810266,-3.624372226100361,159.8,8.84,0.28748913022930134,17,20,5,226,1130,1.0,3.9864459546392346,1.0,5.4774990484243915
18,10,1,9,1.0,8.678875679918946,-2.8720603810747085,5.935031912194677,188.1,10.655,0.21295539439046862,25,20,5,227,1135,1.0,8.678875679918946,1.0,5.4774990484243915
18,11,1,4,1.0,4.205779677208443,-6.136922242705628,-3.136483206019064,186.39999999999998,10.319999999999999,0.21874642854227347,20,20,5,228,1140,1.0,7.342262883227507,1.0,5.4774990484243915
19,0,1,7,1.0,7.182502607931791,-1.29434140214335,-2.1164865882376818,187.79999999999998,10.54,0.21071307505705472,23,20,5,229,1145,1.3732434344879836,9.298989196169472,1.0773005724642535,5.568627964251396
19,1,1,7,1.0,7.229661719976829,-3.2634754179871615,0.6571978219446174,187.79999999999998,10.54,0.21071307505705472,23,20,5,230,1150,3.710104986154022,6.572463898032212,1.0773005724642535,5.568627964251396
19,2,1,6,1.0773005724642535,5.568627964251396,0.07730057246425348,0.09112891582700433,184.2,10.309999999999999,0.17363755354185323,22,20,5,231,1155,3.964354168406294,3.96389588638785,1.0773005724642535,5.568627964251396
19,3,1,1,1.0,1.0,-17.616797356276393,-19.912875900665874,159.8,8.84,0.28748913022930134,17,20,5,232,1160,1.0,8.765518530000104,1.0773005724642535,5.568627964251396
19,4,1,7,1.0,7.103630325176328,-0.5958393458360687,-1.3987071363944752,187.79999999999998,10.54,0.21071307505705472,23,20,5,233,1165,1.0,8.502337461570804,1.0773005724642535,5.568627964251396
19,5,14,2,13.838896894567494,1.8495314618559746,-5.897916975064307,2.1956913429073754,159.29999999999998,9.514999999999999,0.16777961735562508,31,20,5,234,1170,1.0,8.310819379442862,1.0773005724642535,5.568627964251396
19,6,1,5,1.0,4.898555402904416,-6.795394984678423,-3.635241477533409,186.7,10.385,0.32194720064010507,21,20,5,235,1175,1.0,8.565286757771698,1.0773005724642535,5.568627964251396
19,7,1,9,1.2179859954313725,8.975295313798586,-0.44677922188778496,2.075117858709778,188.1,10.655,0.21295539439046862,25,20,5,236,1180,4.4546743769349115,4.484685687215243,1.0773005724642535,5.568627964251396
19,8,2,8,1.811575773651385,8.249942140097577,0.8115757736513849,7.058067915152679,186.3,10.565000000000001,0.20832666655999646,25,20,5,237,1185,1.811575773651385,8.249942140097577,1.0773005724642535,5.568627964251396
19,9,1,3,1.0,2.933529967029803,-20.343629173402746,1.9335299670298027,184.0,10.15,0.317017349682947,19,20,5,238,1190,1.0,3.9864459546392346,1.0773005724642535,5.568627964251396
19,10,1,12,1.0,12.442771452542345,-2.273189226175383,3.7638957726234006,185.0,10.65,0.1474788120375264,28,20,5,239,1195,1.0,8.678875679918946,1.0773005724642535,5.568627964251396
19,11,1,4,1.0,3.933107226776206,-4.87460950868996,-0.27267245043223676,186.39999999999998,10.319999999999999,0.21874642854227347,20,20,5,240,1200,1.0,7.342262883227507,1.0773005724642535,5.568627964251396
20,0,1,5,1.0,5.173791738469372,-0.675122404751445,-2.0087108694624187,186.7,10.385,0.32194720064010507,21,20,5,241,1205,1.3732434344879836,9.298989196169472,2.0104669530211816,5.1572156480372415
20,1,1,7,1.0,7.437657314487433,-1.6843613738026717,0.2079955945106034,187.79999999999998,10.54,0.21071307505705472,23,20,5,242,1210,3.710104986154022,6.572463898032212,2.0104669530211816,5.1572156480372415
20,2,2,5,2.0104669530211816,5.1572156480372415,0.933166380556928,-0.41141231621415475,185.7,10.385,0.07842193570679071,22,20,5,243,1215,3.964354168406294,3.96389588638785,2.0104669530211816,5.1572156480372415
20,3,1,1,1.0,1.0,-13.065797262250635,-3.6973165933702274,159.8,8.84,0.28748913022930134,17,20,5,244,1220,1.0,8.765518530000104,2.0104669530211816,5.1572156480372415
20,4,1,5,1.2664398443994045,5.005958098964018,0.26643984439940455,-2.0976722262123104,186.7,10.385,0.32194720064010507,21,20,5,245,1225,1.0,8.502337461570804,2.0104669530211816,5.1572156480372415
20,5,14,2,13.838896894567494,1.8495314618559746,-22.492319125364318,8.869621583800194,159.29999999999998,9.514999999999999,0.16777961735562508,31,20,5,246,1230,1.0,8.310819379442862,2.0104669530211816,5.1572156480372415
20,6,1,3,1.0,3.180028012392833,-4.777137520845436,-1.7185273905115825,184.0,10.15,0.317017349682947,19,20,5,247,1235,1.0,8.565286757771698,2.0104669530211816,5.1572156480372415
20,7,3,4,3.494955272329044,4.486312222755882,2.2769692768976713,-4.488983091042704,184.60000000000002,10.330000000000002,0.2980771712157777,22,20,5,248,1240,4.4546743769349115,4.484685687215243,2.0104669530211816,5.1572156480372415
20,8,3,12,2.6120538769006574,11.544988424229366,0.8004781032492726,3.2950462841317885,185.40000000000003,10.770000000000001,0.21177818584547367,30,20,5,249,1245,1.811575773651385,8.249942140097577,2.0104669530211816,5.1572156480372415
20,9,1,7,1.0,6.596273288146465,-15.59576653454504,3.6627433211166616,187.79999999999998,10.54,0.21071307505705472,23,20,5,250,1250,1.0,6.596273288146465,2.0104669530211816,5.1572156480372415
20,10,1,13,1.0,12.514349696819105,-1.498824244076689,0.07157824427675985,181.50000000000006,10.525000000000002,0.1923538406167138,29,20,5,251,1255,1.0,8.678875679918946,2.0104669530211816,5.1572156480372415
20,11,1,6,1.0,6.029691400405966,-3.443107829175582,2.0965841736297604,184.2,10.309999999999999,0.17363755354185323,22,20,5,252,1260,1.0,7.342262883227507,2.0104669530211816,5.1572156480372415
21,0,14,2,13.838896894567494,1.8495314618559746,0.6188441731371412,-0.06562965432310904,159.29999999999998,9.514999999999999,0.16777961735562508,31,20,5,253,1265,1.3732434344879836,9.298989196169472,2.9707903498452284,4.697515218251029
21,1,3,5,3.1054617928003383,4.797387175091027,2.1054617928003383,-2.640270139396406,185.5,10.425,0.2770379035439015,23,20,5,254,1270,3.710104986154022,6.572463898032212,2.9707903498452284,4.697515218251029
21,2,3,5,2.9707903498452284,4.697515218251029,0.9603233968240468,-0.4597004297862124,185.5,10.425,0.2770379035439015,23,20,5,255,1275,3.964354168406294,3.96389588638785,2.9707903498452284,4.697515218251029
21,3,1,6,1.0,5.555755965930391,-9.153363082848715,4.555755965930391,184.2,10.309999999999999,0.17363755354185323,22,20,5,256,1280,1.0,8.765518530000104,2.9707903498452284,4.697515218251029
21,4,2,4,1.5597720042176044,3.537107033992492,0.2933321598181999,-1.4688510649715258,186.3,10.365,0.3088689042296101,21,20,5,257,1285,1.0,8.502337461570804,2.9707903498452284,4.697515218251029
21,5,1,17,1.0,17.365293655971424,-36.45263992291931,15.51576219411545,179.09999999999997,10.604999999999999,0.20940391591371907,33,20,5,258,1290,1.0,8.310819379442862,2.9707903498452284,4.697515218251029
21,6,1,3,1.0,3.0438338531031377,-3.5802666565801684,-0.13619415928969547,184.0,10.15,0.317017349682947,19,20,5,259,1295,1.0,8.565286757771698,2.9707903498452284,4.697515218251029
21,7,6,1,5.666099152761484,1.0,2.171143880432441,-3.499798261873867,156.5,8.925,0.20736441353327728,22,20,5,260,1300,4.4546743769349115,4.484685687215243,2.9707903498452284,4.697515218251029
21,8,3,9,3.2126608483733223,9.207472286676209,0.6006069714726647,-2.3375161375531577,187.2,10.709999999999999,0.11683321445547916,27,20,5,261,1305,3.2126608483733223,9.207472286676209,2.9707903498452284,4.697515218251029
21,9,1,8,1.0,7.952797330252311,-10.843243020746552,1.356524042105846,187.0,10.55,0.08215838362577522,24,20,5,262,1310,1.0,6.596273288146465,2.9707903498452284,4.697515218251029
21,10,8,13,7.522769778309254,13.236374813376788,-0.6504521391440461,-4.748161374248465,178.2,10.709999999999999,0.18069310999592653,36,20,5,263,1315,1.0,8.678875679918946,2.9707903498452284,4.697515218251029
21,11,1,7,1.0,7.232868313238534,-1.9991807573461906,1.2031769128325678,187.79999999999998,10.54,0.21071307505705472,23,20,5,264,1320,1.0,7.342262883227507,2.9707903498452284,4.697515218251029
22,0,1,10,1.0,10.276407300087984,-16.087731382722158,8.426875838232009,187.2,10.66,0.14628738838327823,26,20,5,265,1325,1.3732434344879836,9.298989196169472,4.650673174697048,3.6566375002967764
22,1,5,4,5.1702003270400185,3.8386223043634984,2.0647385342396802,-0.9587648707275284,184.59999999999997,10.429999999999998,0.1111305538544642,24,20,5,266,1330,3.710104986154022,6.572463898032212,4.650673174697048,3.6566375002967764
22,2,5,4,4.650673174697048,3.6566375002967764,1.67988282485182,-1.0408777179542525,184.59999999999997,10.429999999999998,0.1111305538544642,24,20,5,267,1335,3.964354168406294,3.96389588638785,4.650673174697048,3.6566375002967764
22,3,1,12,1.0,12.40845751982309,-6.397401267972532,6.8527015538926985,185.0,10.65,0.1474788120375264,28,20,5,268,1340,1.0,8.765518530000104,4.650673174697048,3.6566375002967764
22,4,3,3,3.4900523273704893,2.710321727166857,1.9302803231528847,-0.826785306825635,186.2,10.36,0.07842193570679042,21,20,5,269,1345,1.0,8.502337461570804,4.650673174697048,3.6566375002967764
22,5,1,7,1.0,7.25593502472849,-25.981155608716648,-10.109358631242934,187.79999999999998,10.54,0.21071307505705472,23,20,5,270,1350,1.0,7.25593502472849,4.650673174697048,3.6566375002967764
22,6,1,9,1.0,8.840705498359403,-1.1334143785167465,5.796871645256266,188.1,10.655,0.21295539439046862,25,20,5,271,1355,1.0,8.565286757771698,4.650673174697048,3.6566375002967764
22,7,6,3,5.547299397542726,3.2870759591496483,-0.11879975521875885,2.2870759591496483,178.10000000000002,10.105,0.3344398301638124,24,20,5,272,1360,4.4546743769349115,4.484685687215243,4.650673174697048,3.6566375002967764
22,8,4,7,3.7887046348321323,6.968597564749669,0.57604378645881,-2.23887472192654,188.0,10.7,0.12845232578665133,26,20,5,273,1365,3.7887046348321323,6.968597564749669,4.650673174697048,3.6566375002967764
22,9,1,5,1.0,4.856046057073062,-5.872924618197955,-3.0967512731792493,186.7,10.385,0.32194720064010507,21,20,5,274,1370,1.0,6.596273288146465,4.650673174697048,3.6566375002967764
22,10,1,3,1.0,3.20681310278321,-7.119085038646654,-10.029561710593578,184.0,10.15,0.317017349682947,19,20,5,275,1375,1.0,8.678875679918946,4.650673174697048,3.6566375002967764
22,11,3,5,2.858659457838701,4.891092325260232,1.858659457838701,-2.341775987978302,185.5,10.425,0.2770379035439015,23,20,5,276,1380,1.0,7.342262883227507,4.650673174697048,3.6566375002967764
23,0,1,16,1.0,16.110555514054344,-12.489826409520097,5.834148213966361,179.60000000000002,10.580000000000002,0.20700241544484466,32,20,5,277,1385,1.3732434344879836,9.298989196169472,5.724400544649217,2.944891803773334
23,1,6,4,5.744327661935947,3.7772114801075336,0.5741273348959284,-0.061410824255964974,182.89999999999998,10.395,0.12688577540449497,25,20,5,278,1390,3.710104986154022,6.572463898032212,5.724400544649217,2.944891803773334
23,2,6,3,5.724400544649217,2.944891803773334,1.0737273699521688,-0.7117456965234426,178.10000000000002,10.105,0.3344398301638124,24,20,5,279,1395,3.964354168406294,3.96389588638785,5.724400544649217,2.944891803773334
23,3,1,6,1.0,5.814482609399625,-1.1347302099773722,-6.593974910423465,184.2,10.309999999999999,0.17363755354185323,22,20,5,280,1400,1.0,8.765518530000104,5.724400544649217,2.944891803773334
23,4,3,7,2.994924471228346,7.382931212556531,-0.4951278561421434,4.672609485389674,186.2,10.559999999999999,0.24114311103575023,25,20,5,281,1405,1.0,8.502337461570804,5.724400544649217,2.944891803773334
23,5,1,1,1.0,1.0,-18.916448032530784,-9.792482634359818,159.8,8.84,0.28748913022930134,17,20,5,282,1410,1.0,7.25593502472849,5.724400544649217,2.944891803773334
23,6,5,7,5.440055717415142,6.771394940519946,4.440055717415142,-2.069310557839457,186.1,10.655,0.1913112646970898,27,20,5,283,1415,1.0,8.565286757771698,5.724400544649217,2.944891803773334
23,7,5,5,5.454653502687037,5.0064090860212325,-0.09264589485568797,1.7193331268715841,181.3,10.315000000000001,0.2676751762864838,25,20,5,284,1420,4.4546743769349115,4.484685687215243,5.724400544649217,2.944891803773334
23,8,14,2,13.838896894567494,1.8495314618559746,1.1194007825324683,-3.160051792348436,159.29999999999998,9.514999999999999,0.16777961735562508,31,20,5,285,1425,3.7887046348321323,6.968597564749669,5.724400544649217,2.944891803773334
23,9,1,3,1.0,2.7743758975525274,-3.272494095773478,-2.0816701595205345,184.0,10.15,0.317017349682947,19,20,5,286,1430,1.0,6.596273288146465,5.724400544649217,2.944891803773334
23,10,1,1,1.0,1.0,-0.8251023312517631,-3.525656726830165,159.8,8.84,0.28748913022930134,17,20,5,287,1435,1.0,8.678875679918946,5.724400544649217,2.944891803773334
23,11,4,4,4.391931409893003,3.5498628909619385,1.5332719520543014,-1.341229434298293,188.1,10.555,0.12389511693363867,23,20,5,288,1440,4.391931409893003,3.5498628909619385,5.724400544649217,2.944891803773334
24,0,1,13,1.0,12.899022060722857,-7.976976543504263,-3.211533453331487,181.50000000000006,10.525000000000002,0.1923538406167138,29,20,5,289,1445,1.3732434344879836,9.298989196169472,6.379723945456547,2.4934062520955065
24,1,6,3,5.927836063668987,3.1340964460980976,0.18350840173303912,-0.6431150340094363,178.10000000000002,10.105,0.3344398301638124,24,20,5,290,1450,3.710104986154022,6.572463898032212,6.379723945456547,2.4934062520955065
24,2,6,2,6.379723945456547,2.4934062520955065,0.6553234008073299,-0.4514855516778272,169.5,9.625,0.16733200530681502,23,20,5,291,1455,3.964354168406294,3.96389588638785,6.379723945456547,2.4934062520955065
24,3,14,2,13.838896894567494,1.8495314618559746,0.9225146589512908,-5.657121035162064,159.29999999999998,9.514999999999999,0.16777961735562508,31,20,5,292,1460,1.0,8.765518530000104,6.379723945456547,2.4934062520955065
24,4,3,10,2.5055066236995303,10.27091803723427,-0.48941784752881556,2.887986824677739,186.7,10.735,0.3242684073418192,28,20,5,293,1465,1.0,8.502337461570804,6.379723945456547,2.4934062520955065
24,5,1,1,1.0,1.0,-9.587450185323949,-0.8434927365352318,159.8,8.84,0.28748913022930134,17,20,5,294,1470,1.0,7.25593502472849,6.379723945456547,2.4934062520955065
24,6,7,5,7.1911903461224345,4.581799264887128,1.7511346287072926,-2.189595675632818,184.1,10.555,0.11335784048754617,27,20,5,295,1475,1.0,8.565286757771698,6.379723945456547,2.4934062520955065
24,7,5,4,5.120816850418203,4.010594202098228,-0.33383665226883386,-0.9958148839230042,184.59999999999997,10.429999999999998,0.1111305538544642,24,20,5,296,1480,4.4546743769349115,4.484685687215243,6.379723945456547,2.4934062520955065
24,8,12,1,11.989707331643507,1.0,-1.849189562923987,-2.0085971614251856,146.20000000000002,8.71,0.36626493143624894,28,20,5,297,1485,3.7887046348321323,6.968597564749669,6.379723945456547,2.4934062520955065
24,9,2,4,1.5522265057851783,3.8765409234017736,0.5522265057851783,1.1021650258492461,186.3,10.365,0.3088689042296101,21,20,5,298,1490,1.0,6.596273288146465,6.379723945456547,2.4934062520955065
24,10,4,1,4.439482498483617,1.0,3.4394824984836174,-0.03936768357734599,154.7,8.735,0.22226110770892882,20,20,5,299,1495,1.0,8.678875679918946,6.379723945456547,2.4934062520955065
24,11,7,2,6.7916400295163815,1.8534139596740777,2.3997086196233792,-1.6964489312878608,166.09999999999997,9.504999999999999,0.33068111527572924,24,20,5,300,1500,4.391931409893003,3.5498628909619385,6.379723945456547,2.4934062520955065
25,0,14,2,13.838896894567494,1.8495314618559746,-1.5528556351712464,-11.954587320179765,159.29999999999998,9.514999999999999,0.16777961735562508,31,20,5,301,1505,1.3732434344879836,9.298989196169472,5.11986074805981,3.218400477988314
25,1,5,5,4.536503537228642,5.063243548836121,-1.3913325264403447,1.9291471027380243,181.3,10.315000000000001,0.2676751762864838,25,20,5,302,1510,3.710104986154022,6.572463898032212,5.11986074805981,3.218400477988314
25,2,5,3,5.11986074805981,3.218400477988314,-1.2598631973967374,0.7249942258928078,178.50000000000003,10.075000000000001,0.1823458252881049,23,20,5,303,1515,3.964354168406294,3.96389588638785,5.11986074805981,3.218400477988314
25,3,3,2,2.908114588222995,2.2886277283498844,-10.930782306344499,0.43909626649390987,174.7,9.735,0.12308533625091213,20,20,5,304,1520,1.0,8.765518530000104,5.11986074805981,3.218400477988314
25,4,1,12,1.3600257999205292,11.509194123990707,-1.145480823779001,1.2382760867564362,185.0,10.65,0.1474788120375264,28,20,5,305,1525,1.0,8.502337461570804,5.11986074805981,3.218400477988314
25,5,1,7,1.0,7.239562323348193,-6.090371264356626,6.239562323348193,187.79999999999998,10.54,0.21071307505705472,23,20,5,306,1530,1.0,7.25593502472849,5.11986074805981,3.218400477988314
25,6,1,5,1.0,5.219921456911352,-6.75656752022358,0.6381221920242235,186.7,10.385,0.32194720064010507,21,20,5,307,1535,1.0,8.565286757771698,5.11986074805981,3.218400477988314
25,7,4,3,4.15211186937012,2.776818847078162,-0.9687049810480837,-1.2337753550200665,182.70000000000002,10.235000000000001,0.13285330255586442,22,20,5,308,1540,4.4546743769349115,4.484685687215243,5.11986074805981,3.218400477988314
25,8,8,13,7.522769778309254,13.236374813376788,-4.4090525301744234,0.4709140131238581,178.2,10.709999999999999,0.18069310999592653,36,20,5,309,1545,3.7887046348321323,6.968597564749669,5.11986074805981,3.218400477988314
25,9,3,6,3.3296685051519272,6.253669426284326,1.777441999366749,2.377128502882553,185.1,10.455,0.28346075566116735,24,20,5,310,1550,1.0,6.596273288146465,5.11986074805981,3.218400477988314
25,10,6,19,6.4000469760655,19.037418326350096,-1.0865678368922158,9.564198566836437,173.9,10.695,0.10173494974687866,40,20,5,311,1555,1.0,8.678875679918946,5.11986074805981,3.218400477988314
25,11,6,3,5.896228204466757,2.6854099826986513,-0.8954118250496244,0.8319960230245733,178.10000000000002,10.105,0.3344398301638124,24,20,5,312,1560,4.391931409893003,3.5498628909619385,5.11986074805981,3.218400477988314
