Iteration,Particle,Buffer_1_Capacity,Buffer_2_Capacity,Buffer_3_Capacity,Buffer_4_Capacity,Buffer_5_Capacity,Position_Buffer_1,Position_Buffer_2,Position_Buffer_3,Position_Buffer_4,Position_Buffer_5,Velocity_Buffer_1,Velocity_Buffer_2,Velocity_Buffer_3,Velocity_Buffer_4,Velocity_Buffer_5,Objective,Mean_Throughput,Std_Throughput,Cost,Alpha,N_Replications,Function_Evaluations,Simulation_Runs,Personal_Best_Buffer_1,Personal_Best_Buffer_2,Personal_Best_Buffer_3,Personal_Best_Buffer_4,Personal_Best_Buffer_5,Personal_Best_Objective,Global_Best_Buffer_1,Global_Best_Buffer_2,Global_Best_Buffer_3,Global_Best_Buffer_4,Global_Best_Buffer_5,Global_Best_Objective
0,0,4,10,8,6,2,4.370861069626263,9.556428757689245,7.587945476302646,6.387926357773329,2.4041677639819286,0.9391692555291171,0.5502656467222291,0.8789978831283782,0.7896547008552977,0.19579995762217028,173.0,10.15,0.12845232578665133,30,20,5,1,5,4,10,8,6,2,173.0,4,10,8,6,2,173.0
0,1,2,2,9,6,7,2.403950683025824,1.5227525095137953,8.795585311974417,6.41003510568888,7.372653200164409,0.8437484700462337,-0.823014995896161,-0.6080342751617096,-0.9095454221789239,-0.3493393384734713,184.89999999999998,10.544999999999998,0.12083045973594571,26,20,5,2,10,2,2,9,6,7,184.89999999999998,2,2,9,6,7,184.89999999999998
0,2,1,10,8,3,3,1.185260448662222,9.72918866945795,8.491983767203795,2.9110519961044856,2.636424704863906,-0.22264542062103598,-0.4573019364522082,0.6574750183038587,-0.28649334661282144,-0.4381309806252385,170.29999999999998,9.764999999999999,0.21656407827707727,25,20,5,3,15,1,10,8,3,3,170.29999999999998,2,2,9,6,7,184.89999999999998
0,3,3,4,6,5,4,2.650640588680904,3.7381801866358395,5.72280788469014,4.887505167779041,3.6210622617823773,0.08539216631649693,-0.7181515500504747,0.6043939615080793,-0.8508987126404584,0.9737738732010346,184.60000000000002,10.330000000000002,0.23205602771744632,22,20,5,4,20,3,4,6,5,4,184.60000000000002,2,2,9,6,7,184.89999999999998
0,4,7,2,4,4,5,6.506676052501415,2.2554447458683766,3.629301836816963,4.297256589643226,5.104629857953324,0.5444895385933148,-0.6025686369316552,-0.9889557657527952,0.6309228569096683,0.41371468769523423,188.0,10.5,0.0961769203083568,22,20,5,5,25,7,2,4,4,5,188.0,7,2,4,4,5,188.0
0,5,8,3,6,6,1,8.066583652537123,2.7970640394252375,5.628109945722504,6.331731119758382,1.4180537144799796,0.4580143360819746,0.5425406933718915,-0.8519106965318193,-0.2830685429114548,-0.7682618809497406,171.2,9.76,0.1953202498462459,24,20,5,6,30,8,3,6,6,1,171.2,7,2,4,4,5,188.0
0,6,6,3,2,10,10,6.467903667112945,2.5347171131856236,1.5854643368675156,9.539969835279999,9.690688297671034,0.726206851751187,0.24659625365511584,-0.3382039502947016,-0.8728832994279527,-0.3780353565686756,183.60000000000002,10.73,0.15684387141358094,31,20,5,7,35,6,3,2,10,10,183.60000000000002,7,2,4,4,5,188.0
0,7,8,4,2,7,5,8.275576133048151,3.741523922560336,1.8790490260574548,7.158097238609412,4.961372443656412,-0.3496333559465059,0.45921235667612814,0.27511494271042625,0.7744254851526531,-0.05557014967610141,187.59999999999997,10.679999999999998,0.1691153452528777,26,20,5,8,40,8,4,2,7,5,187.59999999999997,7,2,4,4,5,188.0
0,8,2,5,1,9,3,2.0983441136030097,5.456592191001432,1.3094966900369656,9.18388361870904,3.3290198344001523,-0.7608115081233966,0.42648957444599,0.5215700972337949,0.12255439513899247,0.541934359909122,189.1,10.455,0.2536730178793163,20,20,5,9,45,2,5,1,9,3,189.1,2,5,1,9,3,189.1
0,9,7,4,6,6,3,6.962700559185838,3.8053996848046987,5.680612190600297,5.920392514089517,2.6636900997297435,-0.012408807271218514,0.045465658763988115,-0.14491796328290074,-0.9491617465118096,-0.7842171460133911,182.9,10.445,0.05787918451395125,26,20,5,10,50,7,4,6,6,3,182.9,2,5,1,9,3,189.1
1,0,5,10,8,7,3,4.693288151811796,9.566075383101506,7.620881504889822,6.9638067942836255,2.5619568276008073,0.3224270821855335,0.009646625412260967,0.03293602858717687,0.5758804365102959,0.1577890636188787,175.3,10.415000000000001,0.21540659228537992,33,20,5,11,55,5,10,8,7,3,175.3,2,5,1,9,3,189.1
1,1,3,5,1,9,3,2.5342665459631655,4.8642529909005265,1.3496019004873139,8.601601962482842,3.3402288901796293,0.13031586293734154,3.3415004813867313,-7.445983411487103,2.191566856793963,-4.03242430998478,186.0,10.35,0.10839741694339382,21,20,5,12,60,3,5,1,9,3,186.0,2,5,1,9,3,189.1
1,2,7,1,4,7,4,7.081582739531971,1.4024096398265145,4.0897330528833304,6.796177543178478,3.5579169886626056,0.7150259020704647,-4.095387727190436,-6.171475404027326,5.533720187528808,0.4077390909206008,187.49999999999997,10.524999999999999,0.1968501968502955,23,20,5,13,65,7,1,4,7,4,187.49999999999997,2,5,1,9,3,189.1
1,3,2,4,4,6,4,2.462930364511031,4.0959892411550065,4.183865583672587,6.254413247061276,3.9861153277850616,-0.18771022416987282,0.3578090545191668,-1.5389423010175538,1.3669080792822341,0.3650530660026843,191.59999999999997,10.579999999999998,0.17705931209625791,20,20,5,14,70,2,4,4,6,4,191.59999999999997,2,4,4,6,4,191.59999999999997
1,4,5,4,2,7,4,4.609670409864233,3.5293799231810574,1.993295062739089,7.017327707815971,4.437745653203065,-1.8970056426371829,1.2739351773126808,-1.636006774077874,2.7200711181727457,-0.6668842047502594,189.4,10.57,0.2652357441974972,22,20,5,15,75,5,4,2,7,4,189.4,2,4,4,6,4,191.59999999999997
1,5,1,7,1,10,4,1.0,6.807383261172214,1.0,10.0,3.720563152950749,-8.161781747248682,4.010319221746976,-6.497523354013356,3.8683264951556886,2.302509438470769,189.0,10.6,0.09082951062292477,23,20,5,16,80,1,7,1,10,4,189.0,2,4,4,6,4,191.59999999999997
1,6,10,2,4,6,5,9.544040259850046,2.4190315189638754,4.491756661804861,6.309943088250829,5.390162121815565,-4.642924178313295,3.4707721951894537,-0.4852669434877102,-0.8443952221040165,-7.477323867005453,180.40000000000003,10.370000000000001,0.3370459909270548,27,20,5,17,85,6,3,2,10,10,183.60000000000002,2,4,4,6,4,191.59999999999997
1,7,5,5,2,9,4,5.071915197771345,4.812068997057584,1.7373413966751317,8.538601381698754,4.133205934079183,-3.203660935276807,1.070545074497248,-0.14170762938232329,1.3805041430893426,-0.828166509577229,186.5,10.575,0.10368220676663836,25,20,5,18,90,8,4,2,7,5,187.59999999999997,2,4,4,6,4,191.59999999999997
1,8,2,6,2,9,4,1.7179383595413114,5.669836978224427,1.570281738653863,9.245160816278535,3.5999870143547135,-0.3804057540616983,0.213244787222995,0.26078504861689744,0.06127719756949623,0.270967179954561,183.3,10.315000000000001,0.2537715508089908,23,20,5,19,95,2,5,1,9,3,189.1,2,4,4,6,4,191.59999999999997
1,9,6,4,5,6,2,6.2529156086296735,4.066961008680752,4.975915035431911,5.917843014756388,2.3678148237354395,-0.7097849505561643,0.26156132387605324,-0.7046971551683862,-0.00254949933312959,-0.2958752759943039,182.49999999999997,10.274999999999999,0.18907670401189042,23,20,5,20,100,7,4,6,6,3,182.9,2,4,4,6,4,191.59999999999997
2,0,3,4,4,7,4,2.673931718977258,4.222920150015733,4.27705739009563,6.558189110045061,4.033218665363188,-2.019356432834538,-5.343155233085772,-3.343824114794193,-0.40561768423856503,1.4712618377623807,189.3,10.565000000000001,0.09823441352194257,22,20,5,21,105,3,4,4,7,4,189.3,2,4,4,6,4,191.59999999999997
2,1,3,6,1,8,2,2.543361827605807,5.931229652755565,1.0,7.852744756217002,1.8316147652717558,0.009095281642641319,1.0669766618550383,-1.4955619618110707,-0.7488572062658403,-1.5086141249078735,183.89999999999998,10.194999999999999,0.38516230345141517,20,20,5,22,110,3,5,1,9,3,186.0,2,4,4,6,4,191.59999999999997
2,2,5,1,1,9,4,4.568193966073195,1.0290141850784857,1.062507060136948,9.226283119455493,4.027949745898843,-2.513388773458776,-0.3733954547480287,-3.0272259927463825,2.430105576277015,0.4700327572362366,191.4,10.57,0.1698528775146306,20,20,5,23,115,5,1,1,9,4,191.4,2,4,4,6,4,191.59999999999997
2,3,2,4,3,7,4,2.3690752524260947,4.27489376841459,3.41439443316381,6.937867286702393,4.168641860786404,-0.09385511208493641,0.1789045272595834,-0.7694711505087769,0.6834540396411171,0.18252653300134214,191.8,10.59,0.1537855649922971,20,20,5,24,120,2,4,3,7,4,191.8,2,4,3,7,4,191.8
2,4,2,5,3,8,4,1.5298739684370637,4.728879909323496,3.350100398241749,7.619938199803671,3.6559228382705458,-3.079796441427169,1.1994999861424378,1.35680533550266,0.6026104919876996,-0.7818228149325188,186.10000000000002,10.405000000000001,0.25465663156493723,22,20,5,25,125,5,4,2,7,4,189.4,2,4,3,7,4,191.8
2,5,1,6,1,9,5,1.0,6.356809933604879,1.0,8.541753035313358,5.112330766218067,-2.7559022307888084,-0.4505733275673349,-0.36510717025842343,-1.458246964686642,1.3917676132673185,191.60000000000002,10.680000000000001,0.11661903789690593,22,20,5,26,130,1,6,1,9,5,191.60000000000002,2,4,3,7,4,191.8
2,6,4,5,2,8,4,3.583117111504314,4.644321345490998,2.407840953750053,7.834596380056389,3.9107024790347493,-5.960923148345732,2.225289826527123,-2.0839157080548083,1.5246532918055595,-1.4794596427808153,184.10000000000002,10.355,0.12083045973594551,23,20,5,27,135,4,5,2,8,4,184.10000000000002,2,4,3,7,4,191.8
2,7,4,3,5,4,5,4.434873753985002,2.747707564084515,5.38325731898361,3.925026119718181,4.7248040320616225,-0.6370414437863423,-2.064361432973069,3.6459159223084776,-4.613575261980573,0.5915980979824393,189.8,10.540000000000001,0.12708265027138815,21,20,5,28,140,4,3,5,4,5,189.8,2,4,3,7,4,191.8
2,8,2,4,4,7,4,2.2684805762241593,4.301529100444907,4.056311684983191,6.525422714767286,4.048078152714594,0.5505422166828482,-1.3683078777795201,2.4860299463293276,-2.7197381015112483,0.44809113835988035,189.39999999999998,10.52,0.29470324056582736,21,20,5,29,145,2,4,4,7,4,189.39999999999998,2,4,3,7,4,191.8
2,9,4,4,5,6,4,4.142504675080422,3.8966961812035645,4.939837962400254,6.152994426287202,3.7049119732786515,-2.110410933549251,-0.17026482747718782,-0.03607707303165708,0.2351514115308141,1.3370971495432122,190.2,10.66,0.16170961628796204,23,20,5,30,150,4,4,5,6,4,190.2,2,4,3,7,4,191.8
3,0,7,1,4,7,4,7.081582739531971,1.4024096398265145,4.0897330528833304,6.796177543178478,3.5579169886626056,-1.2599683698032105,-2.628906765344494,-2.380166818247309,0.10891067017425032,0.8468146924712527,187.49999999999997,10.524999999999999,0.1968501968502955,23,20,5,31,155,3,4,4,7,4,189.3,2,4,3,7,4,191.8
3,1,10,2,4,6,5,9.544040259850046,2.4190315189638754,4.491756661804861,6.309943088250829,5.390162121815565,-0.20821055400534452,-2.875606507759942,2.515889173630715,-0.3643240211216604,4.060253398384509,180.40000000000003,10.370000000000001,0.3370459909270548,27,20,5,32,160,3,5,1,9,3,186.0,2,4,3,7,4,191.8
3,2,1,6,3,7,4,1.0,5.506011971606834,2.9280972378739967,7.153328950113269,4.465113236939465,-4.416398810771394,4.476997786528348,1.8655901777370487,-2.072954169342224,0.4371634910406227,188.8,10.49,0.24829418035870257,21,20,5,33,165,5,1,1,9,4,191.4,2,4,3,7,4,191.8
3,3,2,4,3,7,4,2.3221476963836265,4.364346032044382,3.0296588579094212,7.279594306522951,4.259905127287075,-0.046927556042468205,0.0894522636297917,-0.38473557525438845,0.34172701982055853,0.09126326650067107,191.8,10.59,0.1537855649922971,20,20,5,34,170,2,4,3,7,4,191.8,2,4,3,7,4,191.8
3,4,2,4,4,7,4,2.3772566586553214,4.213196566551094,3.6105233274710704,6.697938386417262,4.308636021851393,0.8473826902182575,-0.5156833427724019,0.2604229292293214,-0.9219998133864085,0.6527131835808466,189.39999999999998,10.52,0.29470324056582736,21,20,5,35,175,5,4,2,7,4,189.4,2,4,3,7,4,191.8
3,5,1,3,4,6,5,1.362478570129057,3.4848983379576186,3.8867325893118982,5.773698264040592,4.608555034778913,0.36247857012905693,-2.8719115956472603,2.8867325893118982,-2.768054771272766,-0.5037757314391536,192.2,10.559999999999999,0.1888120758849919,19,20,5,36,180,1,3,4,6,5,192.2,1,3,4,6,5,192.2
3,6,1,5,2,8,3,1.0,5.417363595328142,2.2911747230367894,7.7725893611987065,3.4080878771919823,-4.096490464373581,0.7730422498371441,-0.11666623071326354,-0.06200701885768245,-0.5026146018427672,189.39999999999998,10.419999999999998,0.1668831926827861,19,20,5,37,185,1,5,2,8,3,189.39999999999998,1,3,4,6,5,192.2
3,7,3,3,7,3,5,2.5690904742170915,2.963643050648896,6.820709897845528,3.2484826822810113,4.692231874914458,-2.1068546287425844,0.2898837874886373,0.1185399097363955,0.30138834106299806,-0.18566304319633364,184.0,10.25,0.11726039399558588,21,20,5,38,190,4,3,5,4,5,189.8,1,3,4,6,5,192.2
3,8,3,4,5,6,4,2.625780399406979,3.5956557014573303,4.775882981113075,5.501876613262283,4.370435942809595,0.35729982318281933,-0.7058733989875768,0.7195712961298841,-1.0235461015050027,0.3223577900950012,189.39999999999998,10.569999999999999,0.20087309426600689,22,20,5,39,195,2,4,4,7,4,189.39999999999998,1,3,4,6,5,192.2
3,9,1,4,3,7,5,1.0535631691209835,4.245273760779842,3.172449019536661,7.170647801912932,4.905257400309578,-3.088941505959439,0.34857757957627733,-1.7673889428635934,1.0176533756257309,1.2003454270309266,191.20000000000002,10.56,0.20832666655999668,20,20,5,40,200,1,4,3,7,5,191.20000000000002,1,3,4,6,5,192.2
4,0,1,4,3,5,6,1.0,3.922477905207081,2.71958631705425,5.448542103095821,5.518733800131292,-9.761679446021436,2.5200682653805666,-1.3701467358290804,-1.347635440082657,1.9608168114686864,190.7,10.485,0.2973213749463704,19,20,5,41,205,1,4,3,5,6,190.7,1,3,4,6,5,192.2
4,1,7,1,4,7,4,7.081582739531971,1.4024096398265145,4.0897330528833304,6.796177543178478,3.5579169886626056,-1.561860560023799,-0.9700399957131752,0.6742840122382922,0.22124293454711705,1.6405319755333785,187.49999999999997,10.524999999999999,0.1968501968502955,23,20,5,42,210,7,1,4,7,4,187.49999999999997,1,3,4,6,5,192.2
4,2,2,2,4,6,5,1.9913717282207741,1.6819836371532189,3.689304557268646,5.896363235972434,4.537319890926835,0.9913717282207741,-3.8240283344536152,0.7612073193946491,-1.2569657141408355,0.07220665398736961,192.0,10.55,0.21272047386182644,19,20,5,43,215,2,2,4,6,5,192.0,1,3,4,6,5,192.2
4,3,1,3,4,5,5,1.3456291345674907,3.3378995892155174,4.325530579019896,5.334713283977223,4.540965907907866,-0.9765185618161358,-1.0264464428288644,1.2958717211104747,-1.944881022545728,0.2810607806207908,190.0,10.4,0.24083189157584592,18,20,5,44,220,2,4,3,7,4,191.8,1,3,4,6,5,192.2
4,4,2,4,4,6,5,2.3202233000014467,3.5241418327086986,3.83351187823167,5.734477820116846,4.806819427900168,-0.05703335865387471,-0.6890547338423956,0.2229885507605997,-0.9634605663004164,0.49818340604877465,188.3,10.465,0.3753664875824691,21,20,5,45,225,5,4,2,7,4,189.4,1,3,4,6,5,192.2
4,5,2,2,5,4,4,1.5437178551935853,2.0489425401339885,5.330098883967848,4.389670878404209,4.356667169059336,0.18123928506452847,-1.4359557978236301,1.4433662946559491,-1.384027385636383,-0.2518878657195768,189.5,10.325,0.1048808848170153,17,20,5,46,230,1,3,4,6,5,192.2,1,3,4,6,5,192.2
4,6,1,4,4,6,4,1.0,4.216901338388821,3.5431491585732893,6.100052095219958,4.14263086376757,-1.7505697811635959,-1.200462256939321,1.2519744355365,-1.6725372659787487,0.7345429865755879,189.10000000000002,10.405000000000001,0.1698528775146299,19,20,5,47,235,1,5,2,8,3,189.39999999999998,1,3,4,6,5,192.2
4,7,2,4,2,7,5,1.924438618475416,3.5538737942681133,1.5777512009113641,7.371843870404302,4.525713786075879,-0.6446518557416754,0.5902307436192175,-5.2429586969341635,4.12336118812329,-0.16651808883857877,194.29999999999995,10.714999999999998,0.16552945357246882,20,20,5,48,240,2,4,2,7,5,194.29999999999995,2,4,2,7,5,194.29999999999995
4,8,1,3,4,5,5,1.1952497058888114,3.2017944421364817,3.939482374590102,5.464962763274461,4.781982495451471,-1.4305306935181674,-0.39386125932084837,-0.8364006065229735,-0.036913849987821434,0.41154655264187545,190.0,10.4,0.24083189157584592,18,20,5,49,245,1,3,4,5,5,190.0,2,4,2,7,5,194.29999999999995
4,9,10,2,4,6,5,9.544040259850046,2.4190315189638754,4.491756661804861,6.309943088250829,5.390162121815565,-1.2908481745371718,-0.4499869008740909,-0.29726064484246284,-0.6380826038350732,0.35657715715819416,180.40000000000003,10.370000000000001,0.3370459909270548,27,20,5,50,250,1,4,3,7,5,191.20000000000002,2,4,2,7,5,194.29999999999995
5,0,1,5,1,8,5,1.0,4.639444291608225,1.0,7.608342145877211,5.036116902975364,-3.518856006010843,0.7169663864011442,-2.367349296899466,2.1598000427813893,-0.48261689715592837,190.2,10.51,0.11895377253370301,20,20,5,51,255,1,4,3,5,6,190.7,2,4,2,7,5,194.29999999999995
5,1,1,3,2,7,5,1.0525186658592718,3.106812987474874,1.8705732499120908,7.492622061906237,5.363055021630297,-6.029064073672699,1.7044033476483598,-2.2191598029712396,0.6964445187277586,1.8051380329676914,194.10000000000002,10.605,0.30224162519414816,18,20,5,52,260,1,3,2,7,5,194.10000000000002,2,4,2,7,5,194.29999999999995
5,2,2,2,2,7,5,2.4130832534189937,1.8387787246521095,1.7362236741656698,6.898578622641878,4.560596174070905,0.42171152519821964,0.1567950874988906,-1.953080883102976,1.0022153866694448,0.023276283144070355,195.7,10.684999999999999,0.29857997253667273,18,20,5,53,265,2,2,2,7,5,195.7,2,2,2,7,5,195.7
5,3,2,4,3,7,4,2.2567868621025275,4.0056705813222315,3.0149958958013814,6.915209029229559,4.234741869483163,0.9111577275350369,0.6677709921067136,-1.3105346832185143,1.5804957452523363,-0.30622403842470264,191.8,10.59,0.1537855649922971,20,20,5,54,270,2,4,3,7,4,191.8,2,2,2,7,5,195.7
5,4,5,3,1,9,4,5.19518472466436,3.2165273702678543,1.0,8.716492686484294,4.247080446988857,2.8749614246629127,-0.3076144624408444,-4.765278246358455,2.982014866367449,-0.5597389809113102,187.0,10.45,0.07416198487095696,22,20,5,55,275,5,4,2,7,4,189.4,2,2,2,7,5,195.7
5,5,2,5,1,8,5,1.7358313231802018,4.715830369665233,1.0,8.379184768683277,4.736517420355159,0.1921134679866166,2.6668878295312446,-4.755659342722867,3.989513890279068,0.3798502512958224,194.10000000000002,10.755,0.12288205727444518,21,20,5,56,280,2,5,1,8,5,194.10000000000002,2,2,2,7,5,195.7
5,6,7,1,4,7,4,7.081582739531971,1.4024096398265145,4.0897330528833304,6.796177543178478,3.5579169886626056,0.20810797243242496,-0.875130655125036,-2.2010347517924425,1.3537982666930812,0.508977131667578,187.49999999999997,10.524999999999999,0.1968501968502955,23,20,5,57,285,1,5,2,8,3,189.39999999999998,2,2,2,7,5,195.7
5,7,2,4,1,9,4,1.6021126906045784,3.8489891660777222,1.0,9.433524464465947,4.442454741656589,-0.3223259278708377,0.29511537180960873,-2.6214793484670817,2.061680594061645,-0.08325904441928939,188.0,10.4,0.2263846284534356,20,20,5,58,290,2,4,2,7,5,194.29999999999995,2,2,2,7,5,195.7
5,8,1,3,1,8,5,1.4700453073539546,3.4829018232092697,1.0,8.035585957969845,4.639805279074176,0.27479560146514326,0.28110738107278815,-3.6248560338988836,2.570623194695384,-0.1421772163772953,193.5,10.575,0.14404860290887903,18,20,5,59,295,1,3,1,8,5,193.5,2,2,2,7,5,195.7
5,9,1,4,2,7,5,1.0,3.6754401096605305,1.581414479711563,7.1147976432080196,4.72025741276399,-9.425633099392172,1.2564085906966551,-2.910342182093298,0.8048545549571903,-0.6699047090515747,195.3,10.715,0.1764936259472278,19,20,5,60,300,1,4,2,7,5,195.3,2,2,2,7,5,195.7
6,0,1,1,3,5,5,1.0,1.0,3.12915368857608,4.761428854109913,4.981608678754588,-0.22034332459727746,-3.7388329056068255,2.12915368857608,-2.846913291767298,-0.05450822422077506,192.0,10.35,0.11510864433221302,15,20,5,61,305,1,1,3,5,5,192.0,2,2,2,7,5,195.7
6,1,1,3,1,7,6,1.0,3.207539432790215,1.0,7.488796318819763,5.79006279854934,-2.2082205558977757,0.10072644531534092,-1.1891994993893547,-0.0038257430864743203,0.42700777691904374,193.7,10.584999999999999,0.2764054992217052,18,20,5,62,310,1,3,2,7,5,194.10000000000002,2,2,2,7,5,195.7
6,2,3,2,1,7,5,2.6239390160181033,1.9171762684015548,1.0,7.3996863159766,4.57223431564294,0.21085576259910982,0.0783975437494453,-0.976540441551488,0.5011076933347224,0.011638141572035177,193.5,10.575,0.1405346932255522,18,20,5,63,315,2,2,2,7,5,195.7,2,2,2,7,5,195.7
6,3,3,4,3,8,4,2.8225549513904116,4.3926271915231485,2.5992619189616257,7.723690453563653,4.051474885932068,0.565768089287884,0.3869566102009171,-0.41573397683975577,0.8084814243340933,-0.18326698355109539,186.10000000000002,10.405000000000001,0.24869660230891788,22,20,5,64,320,2,4,3,7,4,191.8,2,2,2,7,5,195.7
6,4,3,2,1,7,4,3.4863476019647597,1.9961590340523405,1.0,7.078013337119173,4.423441932166843,-1.7088371226996002,-1.2203683362155138,-0.8664099912320494,-1.638479349365121,0.176361485177986,193.29999999999998,10.514999999999999,0.2171405075060845,17,20,5,65,325,3,2,1,7,4,193.29999999999998,2,2,2,7,5,195.7
6,5,2,5,1,10,5,2.0130356545659156,5.279736436256341,1.0,9.977917377730833,4.879388104853771,0.277204331385714,0.5639060665911084,-2.1809086383397966,1.5987326090475549,0.1428706844986123,188.59999999999997,10.579999999999998,0.19131126469709006,23,20,5,66,330,2,5,1,8,5,194.10000000000002,2,2,2,7,5,195.7
6,6,1,5,1,9,5,1.0,5.297243226228126,1.0,8.522283161735116,4.857213051983125,-11.203391664860241,3.894833586401611,-5.596452889862494,1.726105618556637,1.2992960633205195,190.60000000000002,10.580000000000002,0.22438805672316833,21,20,5,67,335,1,5,1,9,5,190.60000000000002,2,2,2,7,5,195.7
6,7,7,1,4,7,4,7.081582739531971,1.4024096398265145,4.0897330528833304,6.796177543178478,3.5579169886626056,0.9468511992123476,-2.175651910785707,-0.06530195961564578,-3.318228752801594,0.150284010128786,187.49999999999997,10.524999999999999,0.1968501968502955,23,20,5,68,340,2,4,2,7,5,194.29999999999995,2,2,2,7,5,195.7
6,8,2,2,1,8,4,2.466726058973757,2.1253536042254515,1.0,8.284872417243548,4.496542445268892,0.9966807516198024,-1.3575482189838182,-1.14159133016517,0.24928645927370385,-0.14326283380528418,191.60000000000002,10.430000000000001,0.22438805672316867,17,20,5,69,345,1,3,1,8,5,193.5,2,2,2,7,5,195.7
6,9,1,2,1,7,4,1.0,2.090149301451331,1.0,7.2566435488422,4.192885610124497,-3.009806464171943,-1.5852908082091994,-1.2685991966806773,0.14184590563417981,-0.5273718026394929,195.60000000000002,10.530000000000001,0.1528070678993615,15,20,5,70,350,1,2,1,7,4,195.60000000000002,2,2,2,7,5,195.7
7,0,1,1,4,4,5,1.4820171966724747,1.0,3.6099874067146143,4.233599751624842,4.777918454930353,0.48201719667247456,-1.517904668427537,0.4808337181385345,-0.5278291024850712,-0.2036902238242353,194.20000000000002,10.46,0.1647725705328408,15,20,5,71,355,1,1,4,4,5,194.20000000000002,2,2,2,7,5,195.7
7,1,7,1,4,7,4,7.081582739531971,1.4024096398265145,4.0897330528833304,6.796177543178478,3.5579169886626056,-0.8212442460526901,-0.24886582116047015,-0.02041369180531971,-0.10702062840036373,-0.22561736158851806,187.49999999999997,10.524999999999999,0.1968501968502955,23,20,5,72,360,1,3,2,7,5,194.10000000000002,2,2,2,7,5,195.7
7,2,3,2,1,7,5,2.5546479776780777,1.8914134097405149,1.121778105045309,7.235013214500338,4.568409810664114,-0.06929103834002542,-0.025762858661039882,0.12177810504530906,-0.16467310147626288,-0.0038245049788266485,193.5,10.575,0.1405346932255522,18,20,5,73,365,2,2,2,7,5,195.7,2,2,2,7,5,195.7
7,3,2,1,2,6,5,2.0613771900949454,1.0,1.8803587624449514,6.146164588194227,4.831848076862278,-0.761177761295466,-3.7322785457095153,-0.7189031565166744,-1.5775258653694255,0.7803731909302106,194.8,10.540000000000001,0.22671568097509248,16,20,5,74,370,2,1,2,6,5,194.8,2,2,2,7,5,195.7
7,4,3,1,1,6,5,2.5914583147590795,1.3800403584157717,1.0,6.252007525884626,4.5167944963406965,-0.8948892872056801,-0.6161186756365689,-0.40544342268560984,-0.8260058112345463,0.09335256417385358,188.79999999999995,10.239999999999998,0.17219175357722577,16,20,5,75,375,3,2,1,7,4,193.29999999999998,2,2,2,7,5,195.7
7,5,3,1,1,6,4,2.6042389217803095,1.0,1.0,5.736301182751534,4.438395060068741,0.5912032672143938,-4.840981045263419,-0.04469051142462033,-4.241616194979299,-0.4409930447850301,191.0,10.3,0.1254990039801114,15,20,5,76,380,2,5,1,8,5,194.10000000000002,2,2,2,7,5,195.7
7,6,1,3,1,8,5,1.0,3.2657408418988645,1.0,7.51728466492178,5.165607159144172,-3.975961621796116,-2.0315023843292614,-1.9512105236301842,-1.0049984968133363,0.30839410716104726,193.5,10.575,0.14404860290887903,18,20,5,77,385,1,3,1,8,5,193.5,2,2,2,7,5,195.7
7,7,1,4,1,6,6,1.0,3.799225992735151,1.0,6.054315663036593,6.050402598826659,-11.697113759904639,2.3968163529086364,-6.044598525208903,-0.7418618801418857,2.492485610164054,190.9,10.445,0.23205602771744607,18,20,5,78,390,2,4,2,7,5,194.29999999999995,2,2,2,7,5,195.7
7,8,2,3,1,8,5,1.8159216235851412,2.9629330530895905,1.0,7.935574176172566,4.597743901705227,-0.6508044353886157,0.837579448864139,-0.47077115653064505,-0.34929824107098223,0.10120145643633568,193.3,10.615,0.259133170396999,19,20,5,79,395,1,3,1,8,5,193.5,2,2,2,7,5,195.7
7,9,1,1,1,7,4,1.0,1.1732341620517062,1.0,7.150550423787584,4.11098428768688,-0.8063191571786212,-0.9169151393996248,-0.2703336868503272,-0.10609312505461607,-0.081901322437617,197.2,10.559999999999999,0.1640121946685672,14,20,5,80,400,1,1,1,7,4,197.2,1,1,1,7,4,197.2
8,0,1,1,1,7,4,1.2150337102977462,1.0,1.0997701536419724,7.043824179614332,3.973199502993825,-0.2669834863747285,-0.5763829492803932,-2.510217253072642,2.81022442798949,-0.8047189519365278,197.2,10.559999999999999,0.1640121946685672,14,20,5,81,405,1,1,1,7,4,197.2,1,1,1,7,4,197.2
8,1,1,3,1,8,6,1.0,3.1995065492150925,1.1173485982115747,7.588701196506379,5.588322517808619,-8.144130333201137,1.797096909388578,-2.9723844546717557,0.7925236533279002,2.0304055291460137,192.2,10.559999999999999,0.22394195676558665,19,20,5,82,410,1,3,2,7,5,194.10000000000002,1,1,1,7,4,197.2
8,2,2,1,1,7,4,1.6820206582665014,1.4976786258208725,1.4237412030682841,6.945958998840749,4.336529502719293,-0.8726273194115762,-0.39373478391964223,0.301963098022975,-0.28905421565958866,-0.23188030794482029,193.7,10.434999999999999,0.1445683229480099,15,20,5,83,415,2,2,2,7,5,195.7,1,1,1,7,4,197.2
8,3,1,1,1,7,4,1.0,1.0,1.0,6.778279632296265,4.202247807554173,-1.8820910136191582,-1.6210695028883557,-1.604871747381184,0.6321150441020373,-0.6296002693081053,197.2,10.559999999999999,0.1640121946685672,14,20,5,84,420,1,1,1,7,4,197.2,1,1,1,7,4,197.2
8,4,1,1,1,7,4,1.0,1.0,1.0,6.775480562194835,4.180984280122191,-1.765045444345902,-0.40698299814663824,-0.20272171134280492,0.5234730363102083,-0.3358102162185056,197.2,10.559999999999999,0.1640121946685672,14,20,5,85,425,1,1,1,7,4,197.2,1,1,1,7,4,197.2
8,5,7,1,4,7,4,7.081582739531971,1.4024096398265145,4.0897330528833304,6.796177543178478,3.5579169886626056,-0.6617746208515723,-1.1695633026080783,-0.022345255712310164,-0.682038087384765,-0.26528528173514876,187.49999999999997,10.524999999999999,0.1968501968502955,23,20,5,86,430,2,5,1,8,5,194.10000000000002,1,1,1,7,4,197.2
8,6,1,1,1,7,5,1.0,1.460579593450158,1.0,6.876432836462087,4.921941731169136,-1.987980810898058,-1.8051612484487065,-0.9756052618150921,-0.6408518284596932,-0.24366542797503568,194.2,10.459999999999999,0.1488287606613719,15,20,5,87,435,1,1,1,7,5,194.2,1,1,1,7,4,197.2
8,7,1,1,1,9,3,1.0,1.3466377857948366,1.0,8.530965979027437,3.136932916622839,-4.841688169009898,-2.452588206940314,-2.3930312990197704,2.476650315990844,-2.9134696822038206,189.90000000000003,10.245000000000001,0.11445523142259605,15,20,5,88,440,2,4,2,7,5,194.29999999999995,1,1,1,7,4,197.2
8,8,1,3,1,8,4,1.0,2.965791510976766,1.0,7.5025883733283685,4.476337169957005,-0.8604863228972215,0.002858457887175425,-0.23538557826532253,-0.4329858028441974,-0.12140673174822267,192.70000000000002,10.485000000000001,0.15215124054702933,17,20,5,89,445,1,3,1,8,5,193.5,1,1,1,7,4,197.2
8,9,1,1,1,7,4,1.0,1.0,1.0,7.097503861260275,4.070033626468072,-0.4031595785893106,-0.4584575696998124,-0.1351668434251636,-0.053046562527308036,-0.0409506612188085,197.2,10.559999999999999,0.1640121946685672,14,20,5,90,450,1,1,1,7,4,197.2,1,1,1,7,4,197.2
9,0,1,1,1,9,4,1.0,1.0,1.0,8.561413889526678,3.716049742572777,-0.3601131656830231,-0.10562208970682135,-1.3602551829048422,1.5175897099123457,-0.25714976042104787,194.09999999999997,10.504999999999999,0.19065675964937598,16,20,5,91,455,1,1,1,7,4,197.2,1,1,1,7,4,197.2
9,1,1,4,1,8,6,1.0,3.7165671806372487,1.0,7.815361191223964,6.144731925491147,-4.011896655837167,0.517060631422156,-0.6391963820516888,0.22665999471758552,0.5564094076825279,192.0,10.6,0.23611437906235178,20,20,5,92,460,1,3,2,7,5,194.10000000000002,1,1,1,7,4,197.2
9,2,1,1,2,7,4,1.2669947940967157,1.3076655765857546,1.518455993085333,6.879343750655722,4.218952098486618,-0.41502586416978576,-0.19001304923511803,0.0947147900170488,-0.06661524818502645,-0.11757740423267563,191.4,10.32,0.16911534525287764,15,20,5,93,465,2,2,2,7,5,195.7,1,1,1,7,4,197.2
9,3,1,1,1,8,4,1.0,1.0,1.0,7.620978759879784,3.758339594243406,-0.9410455068095791,-0.5654649814777759,-0.802435873690592,0.8426991275835194,-0.44390821331076663,194.2,10.459999999999999,0.25816661286851156,15,20,5,94,470,1,1,1,7,4,197.2,1,1,1,7,4,197.2
9,4,1,1,1,7,4,1.0,1.0,1.0,7.378250323035321,3.9494314976655738,-0.882522722172951,-0.045977888735504846,-0.10136085567140246,0.6027697608404856,-0.23155278245661703,197.2,10.559999999999999,0.1640121946685672,14,20,5,95,475,1,1,1,7,4,197.2,1,1,1,7,4,197.2
9,5,7,1,4,7,4,7.081582739531971,1.4024096398265145,4.0897330528833304,6.796177543178478,3.5579169886626056,-4.6108939456968825,0.3675179561788293,-2.3040590640971317,0.3112182500512748,0.4759701049621462,187.49999999999997,10.524999999999999,0.1968501968502955,23,20,5,96,480,2,5,1,8,5,194.10000000000002,1,1,1,7,4,197.2
9,6,1,1,1,7,4,1.0,1.0,1.0,6.659419342428137,4.4941707053621895,-0.993990405449029,-1.0109833238944888,-0.48780263090754605,-0.2170134940339496,-0.4277710258069469,197.2,10.559999999999999,0.1640121946685672,14,20,5,97,485,1,1,1,7,4,197.2,1,1,1,7,4,197.2
9,7,1,2,1,7,4,1.0,2.3009517085097326,1.0,6.728054668670541,4.447943935232668,-1.413975373562528,0.954313922714896,-0.5672476859252042,-1.8029113103568957,1.3110110186098292,195.60000000000002,10.530000000000001,0.1528070678993615,15,20,5,98,490,1,2,1,7,4,195.60000000000002,1,1,1,7,4,197.2
9,8,1,3,1,7,4,1.0,2.548438983984307,1.0,7.459537562013441,4.36469463146664,-0.1516801800611814,-0.41735252699245906,-0.11769278913266126,-0.043050811314927356,-0.11164253849036457,192.39999999999998,10.419999999999998,0.10653637876331197,16,20,5,99,495,1,3,1,8,5,193.5,1,1,1,7,4,197.2
9,9,1,1,1,7,4,1.0,1.1381363110580858,1.0,7.183472569449703,4.136399386599494,-0.2015797892946553,0.13813631105808577,-0.0675834217125818,0.08596870818942756,0.06636576013142167,197.2,10.559999999999999,0.1640121946685672,14,20,5,100,500,1,1,1,7,4,197.2,1,1,1,7,4,197.2
