Buffer_4_Capacity,Simulation_run,Throughput,Cost,Negative_Cost,Objective,Alpha
1,1,8.525,21,-21,-16.7375,0.5
1,2,8.55,21,-21,-16.725,0.5
1,3,9.2,21,-21,-16.4,0.5
1,4,8.7,21,-21,-16.65,0.5
1,5,8.6,21,-21,-16.7,0.5
1,6,8.625,21,-21,-16.6875,0.5
1,7,8.725,21,-21,-16.6375,0.5
1,8,8.475,21,-21,-16.7625,0.5
1,9,8.4,21,-21,-16.8,0.5
1,10,8.925,21,-21,-16.5375,0.5
1,11,9.0,21,-21,-16.5,0.5
1,12,8.5,21,-21,-16.75,0.5
1,13,8.65,21,-21,-16.675,0.5
1,14,8.825,21,-21,-16.5875,0.5
1,15,8.475,21,-21,-16.7625,0.5
1,16,8.9,21,-21,-16.55,0.5
1,17,8.6,21,-21,-16.7,0.5
1,18,8.9,21,-21,-16.55,0.5
1,19,8.775,21,-21,-16.6125,0.5
1,20,8.575,21,-21,-16.7125,0.5
2,1,9.175,22,-22,-17.4125,0.5
2,2,9.925,22,-22,-17.0375,0.5
2,3,9.2,22,-22,-17.4,0.5
2,4,9.55,22,-22,-17.225,0.5
2,5,9.45,22,-22,-17.275,0.5
2,6,9.8,22,-22,-17.1,0.5
2,7,9.825,22,-22,-17.0875,0.5
2,8,9.35,22,-22,-17.325,0.5
2,9,9.8,22,-22,-17.1,0.5
2,10,9.7,22,-22,-17.15,0.5
2,11,9.65,22,-22,-17.175,0.5
2,12,9.6,22,-22,-17.2,0.5
2,13,10.025,22,-22,-16.9875,0.5
2,14,9.825,22,-22,-17.0875,0.5
2,15,9.15,22,-22,-17.425,0.5
2,16,9.85,22,-22,-17.075,0.5
2,17,9.475,22,-22,-17.2625,0.5
2,18,9.625,22,-22,-17.1875,0.5
2,19,9.25,22,-22,-17.375,0.5
2,20,9.9,22,-22,-17.05,0.5
3,1,10.05,23,-23,-17.975,0.5
3,2,10.025,23,-23,-17.9875,0.5
3,3,9.9,23,-23,-18.05,0.5
3,4,10.425,23,-23,-17.7875,0.5
3,5,9.975,23,-23,-18.0125,0.5
3,6,10.3,23,-23,-17.85,0.5
3,7,10.775,23,-23,-17.6125,0.5
3,8,10.525,23,-23,-17.7375,0.5
3,9,10.8,23,-23,-17.6,0.5
3,10,10.225,23,-23,-17.8875,0.5
3,11,10.275,23,-23,-17.8625,0.5
3,12,10.3,23,-23,-17.85,0.5
3,13,10.8,23,-23,-17.6,0.5
3,14,10.0,23,-23,-18.0,0.5
3,15,10.15,23,-23,-17.925,0.5
3,16,9.7,23,-23,-18.15,0.5
3,17,10.2,23,-23,-17.9,0.5
3,18,9.975,23,-23,-18.0125,0.5
3,19,9.875,23,-23,-18.0625,0.5
3,20,10.275,23,-23,-17.8625,0.5
4,1,10.3,24,-24,-18.85,0.5
4,2,10.35,24,-24,-18.825,0.5
4,3,10.375,24,-24,-18.8125,0.5
4,4,10.575,24,-24,-18.7125,0.5
4,5,10.55,24,-24,-18.725,0.5
4,6,10.275,24,-24,-18.8625,0.5
4,7,10.375,24,-24,-18.8125,0.5
4,8,10.475,24,-24,-18.7625,0.5
4,9,10.65,24,-24,-18.675,0.5
4,10,10.65,24,-24,-18.675,0.5
4,11,10.4,24,-24,-18.8,0.5
4,12,10.275,24,-24,-18.8625,0.5
4,13,10.675,24,-24,-18.6625,0.5
4,14,10.525,24,-24,-18.7375,0.5
4,15,10.525,24,-24,-18.7375,0.5
4,16,10.725,24,-24,-18.6375,0.5
4,17,10.475,24,-24,-18.7625,0.5
4,18,10.3,24,-24,-18.85,0.5
4,19,10.35,24,-24,-18.825,0.5
4,20,10.2,24,-24,-18.9,0.5
5,1,10.275,25,-25,-19.8625,0.5
5,2,10.675,25,-25,-19.6625,0.5
5,3,10.375,25,-25,-19.8125,0.5
5,4,10.4,25,-25,-19.8,0.5
5,5,9.85,25,-25,-20.075,0.5
5,6,10.65,25,-25,-19.675,0.5
5,7,10.55,25,-25,-19.725,0.5
5,8,10.625,25,-25,-19.6875,0.5
5,9,10.45,25,-25,-19.775,0.5
5,10,10.55,25,-25,-19.725,0.5
5,11,10.55,25,-25,-19.725,0.5
5,12,10.6,25,-25,-19.7,0.5
5,13,10.55,25,-25,-19.725,0.5
5,14,10.5,25,-25,-19.75,0.5
5,15,10.6,25,-25,-19.7,0.5
5,16,10.5,25,-25,-19.75,0.5
5,17,10.475,25,-25,-19.7625,0.5
5,18,10.1,25,-25,-19.95,0.5
5,19,10.125,25,-25,-19.9375,0.5
5,20,10.675,25,-25,-19.6625,0.5
6,1,10.475,26,-26,-20.7625,0.5
6,2,10.8,26,-26,-20.6,0.5
6,3,10.3,26,-26,-20.85,0.5
6,4,10.875,26,-26,-20.5625,0.5
6,5,10.275,26,-26,-20.8625,0.5
6,6,10.575,26,-26,-20.7125,0.5
6,7,10.25,26,-26,-20.875,0.5
6,8,10.55,26,-26,-20.725,0.5
6,9,10.7,26,-26,-20.65,0.5
6,10,10.625,26,-26,-20.6875,0.5
6,11,10.375,26,-26,-20.8125,0.5
6,12,10.95,26,-26,-20.525,0.5
6,13,10.775,26,-26,-20.6125,0.5
6,14,10.4,26,-26,-20.8,0.5
6,15,10.6,26,-26,-20.7,0.5
6,16,10.5,26,-26,-20.75,0.5
6,17,10.6,26,-26,-20.7,0.5
6,18,10.225,26,-26,-20.8875,0.5
6,19,10.375,26,-26,-20.8125,0.5
6,20,10.625,26,-26,-20.6875,0.5
7,1,10.625,27,-27,-21.6875,0.5
7,2,10.675,27,-27,-21.6625,0.5
7,3,10.625,27,-27,-21.6875,0.5
7,4,10.975,27,-27,-21.5125,0.5
7,5,10.375,27,-27,-21.8125,0.5
7,6,11.125,27,-27,-21.4375,0.5
7,7,10.55,27,-27,-21.725,0.5
7,8,10.425,27,-27,-21.7875,0.5
7,9,10.725,27,-27,-21.6375,0.5
7,10,10.325,27,-27,-21.8375,0.5
7,11,10.7,27,-27,-21.65,0.5
7,12,10.875,27,-27,-21.5625,0.5
7,13,10.8,27,-27,-21.6,0.5
7,14,10.65,27,-27,-21.675,0.5
7,15,10.725,27,-27,-21.6375,0.5
7,16,10.5,27,-27,-21.75,0.5
7,17,10.75,27,-27,-21.625,0.5
7,18,10.375,27,-27,-21.8125,0.5
7,19,10.025,27,-27,-21.9875,0.5
7,20,10.65,27,-27,-21.675,0.5
8,1,10.525,28,-28,-22.7375,0.5
8,2,10.3,28,-28,-22.85,0.5
8,3,10.55,28,-28,-22.725,0.5
8,4,10.925,28,-28,-22.5375,0.5
8,5,10.325,28,-28,-22.8375,0.5
8,6,10.65,28,-28,-22.675,0.5
8,7,10.525,28,-28,-22.7375,0.5
8,8,10.65,28,-28,-22.675,0.5
8,9,10.425,28,-28,-22.7875,0.5
8,10,10.6,28,-28,-22.7,0.5
8,11,10.675,28,-28,-22.6625,0.5
8,12,10.475,28,-28,-22.7625,0.5
8,13,10.6,28,-28,-22.7,0.5
8,14,10.925,28,-28,-22.5375,0.5
8,15,11.0,28,-28,-22.5,0.5
8,16,10.725,28,-28,-22.6375,0.5
8,17,10.525,28,-28,-22.7375,0.5
8,18,10.375,28,-28,-22.8125,0.5
8,19,10.5,28,-28,-22.75,0.5
8,20,10.2,28,-28,-22.9,0.5
9,1,10.5,29,-29,-23.75,0.5
9,2,10.65,29,-29,-23.675,0.5
9,3,11.05,29,-29,-23.475,0.5
9,4,10.875,29,-29,-23.5625,0.5
9,5,10.675,29,-29,-23.6625,0.5
9,6,10.75,29,-29,-23.625,0.5
9,7,10.55,29,-29,-23.725,0.5
9,8,10.65,29,-29,-23.675,0.5
9,9,10.4,29,-29,-23.8,0.5
9,10,10.65,29,-29,-23.675,0.5
9,11,10.725,29,-29,-23.6375,0.5
9,12,11.0,29,-29,-23.5,0.5
9,13,10.475,29,-29,-23.7625,0.5
9,14,10.375,29,-29,-23.8125,0.5
9,15,10.775,29,-29,-23.6125,0.5
9,16,10.8,29,-29,-23.6,0.5
9,17,10.425,29,-29,-23.7875,0.5
9,18,10.425,29,-29,-23.7875,0.5
9,19,10.575,29,-29,-23.7125,0.5
9,20,10.425,29,-29,-23.7875,0.5
10,1,10.525,30,-30,-24.7375,0.5
10,2,10.7,30,-30,-24.65,0.5
10,3,10.575,30,-30,-24.7125,0.5
10,4,10.95,30,-30,-24.525,0.5
10,5,10.575,30,-30,-24.7125,0.5
10,6,10.925,30,-30,-24.5375,0.5
10,7,10.675,30,-30,-24.6625,0.5
10,8,10.35,30,-30,-24.825,0.5
10,9,10.8,30,-30,-24.6,0.5
10,10,10.525,30,-30,-24.7375,0.5
10,11,10.875,30,-30,-24.5625,0.5
10,12,10.75,30,-30,-24.625,0.5
10,13,11.075,30,-30,-24.4625,0.5
10,14,10.875,30,-30,-24.5625,0.5
10,15,10.6,30,-30,-24.7,0.5
10,16,10.925,30,-30,-24.5375,0.5
10,17,10.5,30,-30,-24.75,0.5
10,18,10.275,30,-30,-24.8625,0.5
10,19,10.575,30,-30,-24.7125,0.5
10,20,10.6,30,-30,-24.7,0.5
11,1,10.475,31,-31,-25.7625,0.5
11,2,10.575,31,-31,-25.7125,0.5
11,3,10.65,31,-31,-25.675,0.5
11,4,10.775,31,-31,-25.6125,0.5
11,5,10.275,31,-31,-25.8625,0.5
11,6,11.05,31,-31,-25.475,0.5
11,7,10.375,31,-31,-25.8125,0.5
11,8,10.85,31,-31,-25.575,0.5
11,9,10.375,31,-31,-25.8125,0.5
11,10,10.7,31,-31,-25.65,0.5
11,11,10.65,31,-31,-25.675,0.5
11,12,10.825,31,-31,-25.5875,0.5
11,13,10.65,31,-31,-25.675,0.5
11,14,10.825,31,-31,-25.5875,0.5
11,15,10.675,31,-31,-25.6625,0.5
11,16,11.0,31,-31,-25.5,0.5
11,17,10.65,31,-31,-25.675,0.5
11,18,10.6,31,-31,-25.7,0.5
11,19,10.5,31,-31,-25.75,0.5
11,20,10.525,31,-31,-25.7375,0.5
12,1,10.2,32,-32,-26.9,0.5
12,2,10.875,32,-32,-26.5625,0.5
12,3,11.025,32,-32,-26.4875,0.5
12,4,10.775,32,-32,-26.6125,0.5
12,5,10.325,32,-32,-26.8375,0.5
12,6,11.05,32,-32,-26.475,0.5
12,7,10.375,32,-32,-26.8125,0.5
12,8,11.05,32,-32,-26.475,0.5
12,9,10.775,32,-32,-26.6125,0.5
12,10,10.85,32,-32,-26.575,0.5
12,11,10.9,32,-32,-26.55,0.5
12,12,10.475,32,-32,-26.7625,0.5
12,13,11.125,32,-32,-26.4375,0.5
12,14,10.775,32,-32,-26.6125,0.5
12,15,10.525,32,-32,-26.7375,0.5
12,16,10.55,32,-32,-26.725,0.5
12,17,10.675,32,-32,-26.6625,0.5
12,18,10.675,32,-32,-26.6625,0.5
12,19,10.525,32,-32,-26.7375,0.5
12,20,10.875,32,-32,-26.5625,0.5
13,1,10.3,33,-33,-27.85,0.5
13,2,10.85,33,-33,-27.575,0.5
13,3,10.75,33,-33,-27.625,0.5
13,4,10.8,33,-33,-27.6,0.5
13,5,10.425,33,-33,-27.7875,0.5
13,6,10.85,33,-33,-27.575,0.5
13,7,10.65,33,-33,-27.675,0.5
13,8,10.475,33,-33,-27.7625,0.5
13,9,10.525,33,-33,-27.7375,0.5
13,10,10.7,33,-33,-27.65,0.5
13,11,10.85,33,-33,-27.575,0.5
13,12,10.675,33,-33,-27.6625,0.5
13,13,10.925,33,-33,-27.5375,0.5
13,14,10.75,33,-33,-27.625,0.5
13,15,10.675,33,-33,-27.6625,0.5
13,16,10.975,33,-33,-27.5125,0.5
13,17,10.95,33,-33,-27.525,0.5
13,18,10.8,33,-33,-27.6,0.5
13,19,10.575,33,-33,-27.7125,0.5
13,20,10.7,33,-33,-27.65,0.5
14,1,10.575,34,-34,-28.7125,0.5
14,2,10.85,34,-34,-28.575,0.5
14,3,10.55,34,-34,-28.725,0.5
14,4,10.9,34,-34,-28.55,0.5
14,5,10.675,34,-34,-28.6625,0.5
14,6,10.725,34,-34,-28.6375,0.5
14,7,10.725,34,-34,-28.6375,0.5
14,8,10.725,34,-34,-28.6375,0.5
14,9,10.55,34,-34,-28.725,0.5
14,10,10.625,34,-34,-28.6875,0.5
14,11,10.925,34,-34,-28.5375,0.5
14,12,10.8,34,-34,-28.6,0.5
14,13,11.025,34,-34,-28.4875,0.5
14,14,10.725,34,-34,-28.6375,0.5
14,15,10.55,34,-34,-28.725,0.5
14,16,10.9,34,-34,-28.55,0.5
14,17,10.725,34,-34,-28.6375,0.5
14,18,10.85,34,-34,-28.575,0.5
14,19,10.6,34,-34,-28.7,0.5
14,20,10.65,34,-34,-28.675,0.5
15,1,10.75,35,-35,-29.625,0.5
15,2,10.825,35,-35,-29.5875,0.5
15,3,11.05,35,-35,-29.475,0.5
15,4,10.85,35,-35,-29.575,0.5
15,5,10.5,35,-35,-29.75,0.5
15,6,10.65,35,-35,-29.675,0.5
15,7,10.8,35,-35,-29.6,0.5
15,8,10.7,35,-35,-29.65,0.5
15,9,10.525,35,-35,-29.7375,0.5
15,10,10.675,35,-35,-29.6625,0.5
15,11,10.85,35,-35,-29.575,0.5
15,12,10.7,35,-35,-29.65,0.5
15,13,10.875,35,-35,-29.5625,0.5
15,14,10.8,35,-35,-29.6,0.5
15,15,10.775,35,-35,-29.6125,0.5
15,16,10.75,35,-35,-29.625,0.5
15,17,10.425,35,-35,-29.7875,0.5
15,18,10.675,35,-35,-29.6625,0.5
15,19,10.575,35,-35,-29.7125,0.5
15,20,10.9,35,-35,-29.55,0.5
16,1,10.425,36,-36,-30.7875,0.5
16,2,10.775,36,-36,-30.6125,0.5
16,3,10.8,36,-36,-30.6,0.5
16,4,10.875,36,-36,-30.5625,0.5
16,5,10.375,36,-36,-30.8125,0.5
16,6,10.7,36,-36,-30.65,0.5
16,7,10.875,36,-36,-30.5625,0.5
16,8,10.8,36,-36,-30.6,0.5
16,9,10.65,36,-36,-30.675,0.5
16,10,10.675,36,-36,-30.6625,0.5
16,11,10.925,36,-36,-30.5375,0.5
16,12,10.8,36,-36,-30.6,0.5
16,13,10.7,36,-36,-30.65,0.5
16,14,10.8,36,-36,-30.6,0.5
16,15,10.3,36,-36,-30.85,0.5
16,16,10.85,36,-36,-30.575,0.5
16,17,10.825,36,-36,-30.5875,0.5
16,18,10.575,36,-36,-30.7125,0.5
16,19,10.65,36,-36,-30.675,0.5
16,20,10.575,36,-36,-30.7125,0.5
17,1,10.2,37,-37,-31.9,0.5
17,2,10.6,37,-37,-31.7,0.5
17,3,10.75,37,-37,-31.625,0.5
17,4,10.925,37,-37,-31.5375,0.5
17,5,10.3,37,-37,-31.85,0.5
17,6,10.85,37,-37,-31.575,0.5
17,7,10.7,37,-37,-31.65,0.5
17,8,10.55,37,-37,-31.725,0.5
17,9,10.65,37,-37,-31.675,0.5
17,10,10.675,37,-37,-31.6625,0.5
17,11,10.925,37,-37,-31.5375,0.5
17,12,10.6,37,-37,-31.7,0.5
17,13,10.7,37,-37,-31.65,0.5
17,14,10.65,37,-37,-31.675,0.5
17,15,10.65,37,-37,-31.675,0.5
17,16,10.85,37,-37,-31.575,0.5
17,17,10.875,37,-37,-31.5625,0.5
17,18,10.575,37,-37,-31.7125,0.5
17,19,10.55,37,-37,-31.725,0.5
17,20,10.65,37,-37,-31.675,0.5
18,1,10.625,38,-38,-32.6875,0.5
18,2,10.675,38,-38,-32.6625,0.5
18,3,11.0,38,-38,-32.5,0.5
18,4,10.725,38,-38,-32.6375,0.5
18,5,10.6,38,-38,-32.7,0.5
18,6,10.85,38,-38,-32.575,0.5
18,7,10.775,38,-38,-32.6125,0.5
18,8,10.65,38,-38,-32.675,0.5
18,9,10.525,38,-38,-32.7375,0.5
18,10,10.65,38,-38,-32.675,0.5
18,11,10.925,38,-38,-32.5375,0.5
18,12,10.725,38,-38,-32.6375,0.5
18,13,10.7,38,-38,-32.65,0.5
18,14,10.75,38,-38,-32.625,0.5
18,15,10.35,38,-38,-32.825,0.5
18,16,10.875,38,-38,-32.5625,0.5
18,17,10.9,38,-38,-32.55,0.5
18,18,10.675,38,-38,-32.6625,0.5
18,19,10.7,38,-38,-32.65,0.5
18,20,10.675,38,-38,-32.6625,0.5
19,1,10.2,39,-39,-33.9,0.5
19,2,10.8,39,-39,-33.6,0.5
19,3,10.9,39,-39,-33.55,0.5
19,4,10.875,39,-39,-33.5625,0.5
19,5,10.45,39,-39,-33.775,0.5
19,6,10.85,39,-39,-33.575,0.5
19,7,10.825,39,-39,-33.5875,0.5
19,8,10.675,39,-39,-33.6625,0.5
19,9,10.7,39,-39,-33.65,0.5
19,10,10.7,39,-39,-33.65,0.5
19,11,10.925,39,-39,-33.5375,0.5
19,12,10.65,39,-39,-33.675,0.5
19,13,10.625,39,-39,-33.6875,0.5
19,14,10.85,39,-39,-33.575,0.5
19,15,10.925,39,-39,-33.5375,0.5
19,16,10.85,39,-39,-33.575,0.5
19,17,10.95,39,-39,-33.525,0.5
19,18,10.525,39,-39,-33.7375,0.5
19,19,10.675,39,-39,-33.6625,0.5
19,20,10.65,39,-39,-33.675,0.5
20,1,10.4,40,-40,-34.8,0.5
20,2,10.8,40,-40,-34.6,0.5
20,3,10.875,40,-40,-34.5625,0.5
20,4,10.875,40,-40,-34.5625,0.5
20,5,10.425,40,-40,-34.7875,0.5
20,6,10.85,40,-40,-34.575,0.5
20,7,10.675,40,-40,-34.6625,0.5
20,8,10.525,40,-40,-34.7375,0.5
20,9,10.45,40,-40,-34.775,0.5
20,10,10.65,40,-40,-34.675,0.5
20,11,10.925,40,-40,-34.5375,0.5
20,12,10.7,40,-40,-34.65,0.5
20,13,10.7,40,-40,-34.65,0.5
20,14,10.625,40,-40,-34.6875,0.5
20,15,11.025,40,-40,-34.4875,0.5
20,16,10.85,40,-40,-34.575,0.5
20,17,10.925,40,-40,-34.5375,0.5
20,18,10.525,40,-40,-34.7375,0.5
20,19,10.75,40,-40,-34.625,0.5
20,20,10.725,40,-40,-34.6375,0.5
1,1,8.525,21,-21,-12.475,1.0
1,2,8.55,21,-21,-12.45,1.0
1,3,9.2,21,-21,-11.8,1.0
1,4,8.7,21,-21,-12.3,1.0
1,5,8.6,21,-21,-12.4,1.0
1,6,8.625,21,-21,-12.375,1.0
1,7,8.725,21,-21,-12.275,1.0
1,8,8.475,21,-21,-12.525,1.0
1,9,8.4,21,-21,-12.6,1.0
1,10,8.925,21,-21,-12.075,1.0
1,11,9.0,21,-21,-12.0,1.0
1,12,8.5,21,-21,-12.5,1.0
1,13,8.65,21,-21,-12.35,1.0
1,14,8.825,21,-21,-12.175,1.0
1,15,8.475,21,-21,-12.525,1.0
1,16,8.9,21,-21,-12.1,1.0
1,17,8.6,21,-21,-12.4,1.0
1,18,8.9,21,-21,-12.1,1.0
1,19,8.775,21,-21,-12.225,1.0
1,20,8.575,21,-21,-12.425,1.0
2,1,9.175,22,-22,-12.825,1.0
2,2,9.925,22,-22,-12.075,1.0
2,3,9.2,22,-22,-12.8,1.0
2,4,9.55,22,-22,-12.45,1.0
2,5,9.45,22,-22,-12.55,1.0
2,6,9.8,22,-22,-12.2,1.0
2,7,9.825,22,-22,-12.175,1.0
2,8,9.35,22,-22,-12.65,1.0
2,9,9.8,22,-22,-12.2,1.0
2,10,9.7,22,-22,-12.3,1.0
2,11,9.65,22,-22,-12.35,1.0
2,12,9.6,22,-22,-12.4,1.0
2,13,10.025,22,-22,-11.975,1.0
2,14,9.825,22,-22,-12.175,1.0
2,15,9.15,22,-22,-12.85,1.0
2,16,9.85,22,-22,-12.15,1.0
2,17,9.475,22,-22,-12.525,1.0
2,18,9.625,22,-22,-12.375,1.0
2,19,9.25,22,-22,-12.75,1.0
2,20,9.9,22,-22,-12.1,1.0
3,1,10.05,23,-23,-12.95,1.0
3,2,10.025,23,-23,-12.975,1.0
3,3,9.9,23,-23,-13.1,1.0
3,4,10.425,23,-23,-12.575,1.0
3,5,9.975,23,-23,-13.025,1.0
3,6,10.3,23,-23,-12.7,1.0
3,7,10.775,23,-23,-12.225,1.0
3,8,10.525,23,-23,-12.475,1.0
3,9,10.8,23,-23,-12.2,1.0
3,10,10.225,23,-23,-12.775,1.0
3,11,10.275,23,-23,-12.725,1.0
3,12,10.3,23,-23,-12.7,1.0
3,13,10.8,23,-23,-12.2,1.0
3,14,10.0,23,-23,-13.0,1.0
3,15,10.15,23,-23,-12.85,1.0
3,16,9.7,23,-23,-13.3,1.0
3,17,10.2,23,-23,-12.8,1.0
3,18,9.975,23,-23,-13.025,1.0
3,19,9.875,23,-23,-13.125,1.0
3,20,10.275,23,-23,-12.725,1.0
4,1,10.3,24,-24,-13.7,1.0
4,2,10.35,24,-24,-13.65,1.0
4,3,10.375,24,-24,-13.625,1.0
4,4,10.575,24,-24,-13.425,1.0
4,5,10.55,24,-24,-13.45,1.0
4,6,10.275,24,-24,-13.725,1.0
4,7,10.375,24,-24,-13.625,1.0
4,8,10.475,24,-24,-13.525,1.0
4,9,10.65,24,-24,-13.35,1.0
4,10,10.65,24,-24,-13.35,1.0
4,11,10.4,24,-24,-13.6,1.0
4,12,10.275,24,-24,-13.725,1.0
4,13,10.675,24,-24,-13.325,1.0
4,14,10.525,24,-24,-13.475,1.0
4,15,10.525,24,-24,-13.475,1.0
4,16,10.725,24,-24,-13.275,1.0
4,17,10.475,24,-24,-13.525,1.0
4,18,10.3,24,-24,-13.7,1.0
4,19,10.35,24,-24,-13.65,1.0
4,20,10.2,24,-24,-13.8,1.0
5,1,10.275,25,-25,-14.725,1.0
5,2,10.675,25,-25,-14.325,1.0
5,3,10.375,25,-25,-14.625,1.0
5,4,10.4,25,-25,-14.6,1.0
5,5,9.85,25,-25,-15.15,1.0
5,6,10.65,25,-25,-14.35,1.0
5,7,10.55,25,-25,-14.45,1.0
5,8,10.625,25,-25,-14.375,1.0
5,9,10.45,25,-25,-14.55,1.0
5,10,10.55,25,-25,-14.45,1.0
5,11,10.55,25,-25,-14.45,1.0
5,12,10.6,25,-25,-14.4,1.0
5,13,10.55,25,-25,-14.45,1.0
5,14,10.5,25,-25,-14.5,1.0
5,15,10.6,25,-25,-14.4,1.0
5,16,10.5,25,-25,-14.5,1.0
5,17,10.475,25,-25,-14.525,1.0
5,18,10.1,25,-25,-14.9,1.0
5,19,10.125,25,-25,-14.875,1.0
5,20,10.675,25,-25,-14.325,1.0
6,1,10.475,26,-26,-15.525,1.0
6,2,10.8,26,-26,-15.2,1.0
6,3,10.3,26,-26,-15.7,1.0
6,4,10.875,26,-26,-15.125,1.0
6,5,10.275,26,-26,-15.725,1.0
6,6,10.575,26,-26,-15.425,1.0
6,7,10.25,26,-26,-15.75,1.0
6,8,10.55,26,-26,-15.45,1.0
6,9,10.7,26,-26,-15.3,1.0
6,10,10.625,26,-26,-15.375,1.0
6,11,10.375,26,-26,-15.625,1.0
6,12,10.95,26,-26,-15.05,1.0
6,13,10.775,26,-26,-15.225,1.0
6,14,10.4,26,-26,-15.6,1.0
6,15,10.6,26,-26,-15.4,1.0
6,16,10.5,26,-26,-15.5,1.0
6,17,10.6,26,-26,-15.4,1.0
6,18,10.225,26,-26,-15.775,1.0
6,19,10.375,26,-26,-15.625,1.0
6,20,10.625,26,-26,-15.375,1.0
7,1,10.625,27,-27,-16.375,1.0
7,2,10.675,27,-27,-16.325,1.0
7,3,10.625,27,-27,-16.375,1.0
7,4,10.975,27,-27,-16.025,1.0
7,5,10.375,27,-27,-16.625,1.0
7,6,11.125,27,-27,-15.875,1.0
7,7,10.55,27,-27,-16.45,1.0
7,8,10.425,27,-27,-16.575,1.0
7,9,10.725,27,-27,-16.275,1.0
7,10,10.325,27,-27,-16.675,1.0
7,11,10.7,27,-27,-16.3,1.0
7,12,10.875,27,-27,-16.125,1.0
7,13,10.8,27,-27,-16.2,1.0
7,14,10.65,27,-27,-16.35,1.0
7,15,10.725,27,-27,-16.275,1.0
7,16,10.5,27,-27,-16.5,1.0
7,17,10.75,27,-27,-16.25,1.0
7,18,10.375,27,-27,-16.625,1.0
7,19,10.025,27,-27,-16.975,1.0
7,20,10.65,27,-27,-16.35,1.0
8,1,10.525,28,-28,-17.475,1.0
8,2,10.3,28,-28,-17.7,1.0
8,3,10.55,28,-28,-17.45,1.0
8,4,10.925,28,-28,-17.075,1.0
8,5,10.325,28,-28,-17.675,1.0
8,6,10.65,28,-28,-17.35,1.0
8,7,10.525,28,-28,-17.475,1.0
8,8,10.65,28,-28,-17.35,1.0
8,9,10.425,28,-28,-17.575,1.0
8,10,10.6,28,-28,-17.4,1.0
8,11,10.675,28,-28,-17.325,1.0
8,12,10.475,28,-28,-17.525,1.0
8,13,10.6,28,-28,-17.4,1.0
8,14,10.925,28,-28,-17.075,1.0
8,15,11.0,28,-28,-17.0,1.0
8,16,10.725,28,-28,-17.275,1.0
8,17,10.525,28,-28,-17.475,1.0
8,18,10.375,28,-28,-17.625,1.0
8,19,10.5,28,-28,-17.5,1.0
8,20,10.2,28,-28,-17.8,1.0
9,1,10.5,29,-29,-18.5,1.0
9,2,10.65,29,-29,-18.35,1.0
9,3,11.05,29,-29,-17.95,1.0
9,4,10.875,29,-29,-18.125,1.0
9,5,10.675,29,-29,-18.325,1.0
9,6,10.75,29,-29,-18.25,1.0
9,7,10.55,29,-29,-18.45,1.0
9,8,10.65,29,-29,-18.35,1.0
9,9,10.4,29,-29,-18.6,1.0
9,10,10.65,29,-29,-18.35,1.0
9,11,10.725,29,-29,-18.275,1.0
9,12,11.0,29,-29,-18.0,1.0
9,13,10.475,29,-29,-18.525,1.0
9,14,10.375,29,-29,-18.625,1.0
9,15,10.775,29,-29,-18.225,1.0
9,16,10.8,29,-29,-18.2,1.0
9,17,10.425,29,-29,-18.575,1.0
9,18,10.425,29,-29,-18.575,1.0
9,19,10.575,29,-29,-18.425,1.0
9,20,10.425,29,-29,-18.575,1.0
10,1,10.525,30,-30,-19.475,1.0
10,2,10.7,30,-30,-19.3,1.0
10,3,10.575,30,-30,-19.425,1.0
10,4,10.95,30,-30,-19.05,1.0
10,5,10.575,30,-30,-19.425,1.0
10,6,10.925,30,-30,-19.075,1.0
10,7,10.675,30,-30,-19.325,1.0
10,8,10.35,30,-30,-19.65,1.0
10,9,10.8,30,-30,-19.2,1.0
10,10,10.525,30,-30,-19.475,1.0
10,11,10.875,30,-30,-19.125,1.0
10,12,10.75,30,-30,-19.25,1.0
10,13,11.075,30,-30,-18.925,1.0
10,14,10.875,30,-30,-19.125,1.0
10,15,10.6,30,-30,-19.4,1.0
10,16,10.925,30,-30,-19.075,1.0
10,17,10.5,30,-30,-19.5,1.0
10,18,10.275,30,-30,-19.725,1.0
10,19,10.575,30,-30,-19.425,1.0
10,20,10.6,30,-30,-19.4,1.0
11,1,10.475,31,-31,-20.525,1.0
11,2,10.575,31,-31,-20.425,1.0
11,3,10.65,31,-31,-20.35,1.0
11,4,10.775,31,-31,-20.225,1.0
11,5,10.275,31,-31,-20.725,1.0
11,6,11.05,31,-31,-19.95,1.0
11,7,10.375,31,-31,-20.625,1.0
11,8,10.85,31,-31,-20.15,1.0
11,9,10.375,31,-31,-20.625,1.0
11,10,10.7,31,-31,-20.3,1.0
11,11,10.65,31,-31,-20.35,1.0
11,12,10.825,31,-31,-20.175,1.0
11,13,10.65,31,-31,-20.35,1.0
11,14,10.825,31,-31,-20.175,1.0
11,15,10.675,31,-31,-20.325,1.0
11,16,11.0,31,-31,-20.0,1.0
11,17,10.65,31,-31,-20.35,1.0
11,18,10.6,31,-31,-20.4,1.0
11,19,10.5,31,-31,-20.5,1.0
11,20,10.525,31,-31,-20.475,1.0
12,1,10.2,32,-32,-21.8,1.0
12,2,10.875,32,-32,-21.125,1.0
12,3,11.025,32,-32,-20.975,1.0
12,4,10.775,32,-32,-21.225,1.0
12,5,10.325,32,-32,-21.675,1.0
12,6,11.05,32,-32,-20.95,1.0
12,7,10.375,32,-32,-21.625,1.0
12,8,11.05,32,-32,-20.95,1.0
12,9,10.775,32,-32,-21.225,1.0
12,10,10.85,32,-32,-21.15,1.0
12,11,10.9,32,-32,-21.1,1.0
12,12,10.475,32,-32,-21.525,1.0
12,13,11.125,32,-32,-20.875,1.0
12,14,10.775,32,-32,-21.225,1.0
12,15,10.525,32,-32,-21.475,1.0
12,16,10.55,32,-32,-21.45,1.0
12,17,10.675,32,-32,-21.325,1.0
12,18,10.675,32,-32,-21.325,1.0
12,19,10.525,32,-32,-21.475,1.0
12,20,10.875,32,-32,-21.125,1.0
13,1,10.3,33,-33,-22.7,1.0
13,2,10.85,33,-33,-22.15,1.0
13,3,10.75,33,-33,-22.25,1.0
13,4,10.8,33,-33,-22.2,1.0
13,5,10.425,33,-33,-22.575,1.0
13,6,10.85,33,-33,-22.15,1.0
13,7,10.65,33,-33,-22.35,1.0
13,8,10.475,33,-33,-22.525,1.0
13,9,10.525,33,-33,-22.475,1.0
13,10,10.7,33,-33,-22.3,1.0
13,11,10.85,33,-33,-22.15,1.0
13,12,10.675,33,-33,-22.325,1.0
13,13,10.925,33,-33,-22.075,1.0
13,14,10.75,33,-33,-22.25,1.0
13,15,10.675,33,-33,-22.325,1.0
13,16,10.975,33,-33,-22.025,1.0
13,17,10.95,33,-33,-22.05,1.0
13,18,10.8,33,-33,-22.2,1.0
13,19,10.575,33,-33,-22.425,1.0
13,20,10.7,33,-33,-22.3,1.0
14,1,10.575,34,-34,-23.425,1.0
14,2,10.85,34,-34,-23.15,1.0
14,3,10.55,34,-34,-23.45,1.0
14,4,10.9,34,-34,-23.1,1.0
14,5,10.675,34,-34,-23.325,1.0
14,6,10.725,34,-34,-23.275,1.0
14,7,10.725,34,-34,-23.275,1.0
14,8,10.725,34,-34,-23.275,1.0
14,9,10.55,34,-34,-23.45,1.0
14,10,10.625,34,-34,-23.375,1.0
14,11,10.925,34,-34,-23.075,1.0
14,12,10.8,34,-34,-23.2,1.0
14,13,11.025,34,-34,-22.975,1.0
14,14,10.725,34,-34,-23.275,1.0
14,15,10.55,34,-34,-23.45,1.0
14,16,10.9,34,-34,-23.1,1.0
14,17,10.725,34,-34,-23.275,1.0
14,18,10.85,34,-34,-23.15,1.0
14,19,10.6,34,-34,-23.4,1.0
14,20,10.65,34,-34,-23.35,1.0
15,1,10.75,35,-35,-24.25,1.0
15,2,10.825,35,-35,-24.175,1.0
15,3,11.05,35,-35,-23.95,1.0
15,4,10.85,35,-35,-24.15,1.0
15,5,10.5,35,-35,-24.5,1.0
15,6,10.65,35,-35,-24.35,1.0
15,7,10.8,35,-35,-24.2,1.0
15,8,10.7,35,-35,-24.3,1.0
15,9,10.525,35,-35,-24.475,1.0
15,10,10.675,35,-35,-24.325,1.0
15,11,10.85,35,-35,-24.15,1.0
15,12,10.7,35,-35,-24.3,1.0
15,13,10.875,35,-35,-24.125,1.0
15,14,10.8,35,-35,-24.2,1.0
15,15,10.775,35,-35,-24.225,1.0
15,16,10.75,35,-35,-24.25,1.0
15,17,10.425,35,-35,-24.575,1.0
15,18,10.675,35,-35,-24.325,1.0
15,19,10.575,35,-35,-24.425,1.0
15,20,10.9,35,-35,-24.1,1.0
16,1,10.425,36,-36,-25.575,1.0
16,2,10.775,36,-36,-25.225,1.0
16,3,10.8,36,-36,-25.2,1.0
16,4,10.875,36,-36,-25.125,1.0
16,5,10.375,36,-36,-25.625,1.0
16,6,10.7,36,-36,-25.3,1.0
16,7,10.875,36,-36,-25.125,1.0
16,8,10.8,36,-36,-25.2,1.0
16,9,10.65,36,-36,-25.35,1.0
16,10,10.675,36,-36,-25.325,1.0
16,11,10.925,36,-36,-25.075,1.0
16,12,10.8,36,-36,-25.2,1.0
16,13,10.7,36,-36,-25.3,1.0
16,14,10.8,36,-36,-25.2,1.0
16,15,10.3,36,-36,-25.7,1.0
16,16,10.85,36,-36,-25.15,1.0
16,17,10.825,36,-36,-25.175,1.0
16,18,10.575,36,-36,-25.425,1.0
16,19,10.65,36,-36,-25.35,1.0
16,20,10.575,36,-36,-25.425,1.0
17,1,10.2,37,-37,-26.8,1.0
17,2,10.6,37,-37,-26.4,1.0
17,3,10.75,37,-37,-26.25,1.0
17,4,10.925,37,-37,-26.075,1.0
17,5,10.3,37,-37,-26.7,1.0
17,6,10.85,37,-37,-26.15,1.0
17,7,10.7,37,-37,-26.3,1.0
17,8,10.55,37,-37,-26.45,1.0
17,9,10.65,37,-37,-26.35,1.0
17,10,10.675,37,-37,-26.325,1.0
17,11,10.925,37,-37,-26.075,1.0
17,12,10.6,37,-37,-26.4,1.0
17,13,10.7,37,-37,-26.3,1.0
17,14,10.65,37,-37,-26.35,1.0
17,15,10.65,37,-37,-26.35,1.0
17,16,10.85,37,-37,-26.15,1.0
17,17,10.875,37,-37,-26.125,1.0
17,18,10.575,37,-37,-26.425,1.0
17,19,10.55,37,-37,-26.45,1.0
17,20,10.65,37,-37,-26.35,1.0
18,1,10.625,38,-38,-27.375,1.0
18,2,10.675,38,-38,-27.325,1.0
18,3,11.0,38,-38,-27.0,1.0
18,4,10.725,38,-38,-27.275,1.0
18,5,10.6,38,-38,-27.4,1.0
18,6,10.85,38,-38,-27.15,1.0
18,7,10.775,38,-38,-27.225,1.0
18,8,10.65,38,-38,-27.35,1.0
18,9,10.525,38,-38,-27.475,1.0
18,10,10.65,38,-38,-27.35,1.0
18,11,10.925,38,-38,-27.075,1.0
18,12,10.725,38,-38,-27.275,1.0
18,13,10.7,38,-38,-27.3,1.0
18,14,10.75,38,-38,-27.25,1.0
18,15,10.35,38,-38,-27.65,1.0
18,16,10.875,38,-38,-27.125,1.0
18,17,10.9,38,-38,-27.1,1.0
18,18,10.675,38,-38,-27.325,1.0
18,19,10.7,38,-38,-27.3,1.0
18,20,10.675,38,-38,-27.325,1.0
19,1,10.2,39,-39,-28.8,1.0
19,2,10.8,39,-39,-28.2,1.0
19,3,10.9,39,-39,-28.1,1.0
19,4,10.875,39,-39,-28.125,1.0
19,5,10.45,39,-39,-28.55,1.0
19,6,10.85,39,-39,-28.15,1.0
19,7,10.825,39,-39,-28.175,1.0
19,8,10.675,39,-39,-28.325,1.0
19,9,10.7,39,-39,-28.3,1.0
19,10,10.7,39,-39,-28.3,1.0
19,11,10.925,39,-39,-28.075,1.0
19,12,10.65,39,-39,-28.35,1.0
19,13,10.625,39,-39,-28.375,1.0
19,14,10.85,39,-39,-28.15,1.0
19,15,10.925,39,-39,-28.075,1.0
19,16,10.85,39,-39,-28.15,1.0
19,17,10.95,39,-39,-28.05,1.0
19,18,10.525,39,-39,-28.475,1.0
19,19,10.675,39,-39,-28.325,1.0
19,20,10.65,39,-39,-28.35,1.0
20,1,10.4,40,-40,-29.6,1.0
20,2,10.8,40,-40,-29.2,1.0
20,3,10.875,40,-40,-29.125,1.0
20,4,10.875,40,-40,-29.125,1.0
20,5,10.425,40,-40,-29.575,1.0
20,6,10.85,40,-40,-29.15,1.0
20,7,10.675,40,-40,-29.325,1.0
20,8,10.525,40,-40,-29.475,1.0
20,9,10.45,40,-40,-29.55,1.0
20,10,10.65,40,-40,-29.35,1.0
20,11,10.925,40,-40,-29.075,1.0
20,12,10.7,40,-40,-29.3,1.0
20,13,10.7,40,-40,-29.3,1.0
20,14,10.625,40,-40,-29.375,1.0
20,15,11.025,40,-40,-28.975,1.0
20,16,10.85,40,-40,-29.15,1.0
20,17,10.925,40,-40,-29.075,1.0
20,18,10.525,40,-40,-29.475,1.0
20,19,10.75,40,-40,-29.25,1.0
20,20,10.725,40,-40,-29.275,1.0
1,1,8.525,21,-21,-3.9499999999999993,2.0
1,2,8.55,21,-21,-3.8999999999999986,2.0
1,3,9.2,21,-21,-2.6000000000000014,2.0
1,4,8.7,21,-21,-3.6000000000000014,2.0
1,5,8.6,21,-21,-3.8000000000000007,2.0
1,6,8.625,21,-21,-3.75,2.0
1,7,8.725,21,-21,-3.5500000000000007,2.0
1,8,8.475,21,-21,-4.050000000000001,2.0
1,9,8.4,21,-21,-4.199999999999999,2.0
1,10,8.925,21,-21,-3.1499999999999986,2.0
1,11,9.0,21,-21,-3.0,2.0
1,12,8.5,21,-21,-4.0,2.0
1,13,8.65,21,-21,-3.6999999999999993,2.0
1,14,8.825,21,-21,-3.3500000000000014,2.0
1,15,8.475,21,-21,-4.050000000000001,2.0
1,16,8.9,21,-21,-3.1999999999999993,2.0
1,17,8.6,21,-21,-3.8000000000000007,2.0
1,18,8.9,21,-21,-3.1999999999999993,2.0
1,19,8.775,21,-21,-3.4499999999999993,2.0
1,20,8.575,21,-21,-3.8500000000000014,2.0
2,1,9.175,22,-22,-3.6499999999999986,2.0
2,2,9.925,22,-22,-2.1499999999999986,2.0
2,3,9.2,22,-22,-3.6000000000000014,2.0
2,4,9.55,22,-22,-2.8999999999999986,2.0
2,5,9.45,22,-22,-3.1000000000000014,2.0
2,6,9.8,22,-22,-2.3999999999999986,2.0
2,7,9.825,22,-22,-2.3500000000000014,2.0
2,8,9.35,22,-22,-3.3000000000000007,2.0
2,9,9.8,22,-22,-2.3999999999999986,2.0
2,10,9.7,22,-22,-2.6000000000000014,2.0
2,11,9.65,22,-22,-2.6999999999999993,2.0
2,12,9.6,22,-22,-2.8000000000000007,2.0
2,13,10.025,22,-22,-1.9499999999999993,2.0
2,14,9.825,22,-22,-2.3500000000000014,2.0
2,15,9.15,22,-22,-3.6999999999999993,2.0
2,16,9.85,22,-22,-2.3000000000000007,2.0
2,17,9.475,22,-22,-3.0500000000000007,2.0
2,18,9.625,22,-22,-2.75,2.0
2,19,9.25,22,-22,-3.5,2.0
2,20,9.9,22,-22,-2.1999999999999993,2.0
3,1,10.05,23,-23,-2.8999999999999986,2.0
3,2,10.025,23,-23,-2.9499999999999993,2.0
3,3,9.9,23,-23,-3.1999999999999993,2.0
3,4,10.425,23,-23,-2.1499999999999986,2.0
3,5,9.975,23,-23,-3.0500000000000007,2.0
3,6,10.3,23,-23,-2.3999999999999986,2.0
3,7,10.775,23,-23,-1.4499999999999993,2.0
3,8,10.525,23,-23,-1.9499999999999993,2.0
3,9,10.8,23,-23,-1.3999999999999986,2.0
3,10,10.225,23,-23,-2.5500000000000007,2.0
3,11,10.275,23,-23,-2.4499999999999993,2.0
3,12,10.3,23,-23,-2.3999999999999986,2.0
3,13,10.8,23,-23,-1.3999999999999986,2.0
3,14,10.0,23,-23,-3.0,2.0
3,15,10.15,23,-23,-2.6999999999999993,2.0
3,16,9.7,23,-23,-3.6000000000000014,2.0
3,17,10.2,23,-23,-2.6000000000000014,2.0
3,18,9.975,23,-23,-3.0500000000000007,2.0
3,19,9.875,23,-23,-3.25,2.0
3,20,10.275,23,-23,-2.4499999999999993,2.0
4,1,10.3,24,-24,-3.3999999999999986,2.0
4,2,10.35,24,-24,-3.3000000000000007,2.0
4,3,10.375,24,-24,-3.25,2.0
4,4,10.575,24,-24,-2.8500000000000014,2.0
4,5,10.55,24,-24,-2.8999999999999986,2.0
4,6,10.275,24,-24,-3.4499999999999993,2.0
4,7,10.375,24,-24,-3.25,2.0
4,8,10.475,24,-24,-3.0500000000000007,2.0
4,9,10.65,24,-24,-2.6999999999999993,2.0
4,10,10.65,24,-24,-2.6999999999999993,2.0
4,11,10.4,24,-24,-3.1999999999999993,2.0
4,12,10.275,24,-24,-3.4499999999999993,2.0
4,13,10.675,24,-24,-2.6499999999999986,2.0
4,14,10.525,24,-24,-2.9499999999999993,2.0
4,15,10.525,24,-24,-2.9499999999999993,2.0
4,16,10.725,24,-24,-2.5500000000000007,2.0
4,17,10.475,24,-24,-3.0500000000000007,2.0
4,18,10.3,24,-24,-3.3999999999999986,2.0
4,19,10.35,24,-24,-3.3000000000000007,2.0
4,20,10.2,24,-24,-3.6000000000000014,2.0
5,1,10.275,25,-25,-4.449999999999999,2.0
5,2,10.675,25,-25,-3.6499999999999986,2.0
5,3,10.375,25,-25,-4.25,2.0
5,4,10.4,25,-25,-4.199999999999999,2.0
5,5,9.85,25,-25,-5.300000000000001,2.0
5,6,10.65,25,-25,-3.6999999999999993,2.0
5,7,10.55,25,-25,-3.8999999999999986,2.0
5,8,10.625,25,-25,-3.75,2.0
5,9,10.45,25,-25,-4.100000000000001,2.0
5,10,10.55,25,-25,-3.8999999999999986,2.0
5,11,10.55,25,-25,-3.8999999999999986,2.0
5,12,10.6,25,-25,-3.8000000000000007,2.0
5,13,10.55,25,-25,-3.8999999999999986,2.0
5,14,10.5,25,-25,-4.0,2.0
5,15,10.6,25,-25,-3.8000000000000007,2.0
5,16,10.5,25,-25,-4.0,2.0
5,17,10.475,25,-25,-4.050000000000001,2.0
5,18,10.1,25,-25,-4.800000000000001,2.0
5,19,10.125,25,-25,-4.75,2.0
5,20,10.675,25,-25,-3.6499999999999986,2.0
6,1,10.475,26,-26,-5.050000000000001,2.0
6,2,10.8,26,-26,-4.399999999999999,2.0
6,3,10.3,26,-26,-5.399999999999999,2.0
6,4,10.875,26,-26,-4.25,2.0
6,5,10.275,26,-26,-5.449999999999999,2.0
6,6,10.575,26,-26,-4.850000000000001,2.0
6,7,10.25,26,-26,-5.5,2.0
6,8,10.55,26,-26,-4.899999999999999,2.0
6,9,10.7,26,-26,-4.600000000000001,2.0
6,10,10.625,26,-26,-4.75,2.0
6,11,10.375,26,-26,-5.25,2.0
6,12,10.95,26,-26,-4.100000000000001,2.0
6,13,10.775,26,-26,-4.449999999999999,2.0
6,14,10.4,26,-26,-5.199999999999999,2.0
6,15,10.6,26,-26,-4.800000000000001,2.0
6,16,10.5,26,-26,-5.0,2.0
6,17,10.6,26,-26,-4.800000000000001,2.0
6,18,10.225,26,-26,-5.550000000000001,2.0
6,19,10.375,26,-26,-5.25,2.0
6,20,10.625,26,-26,-4.75,2.0
7,1,10.625,27,-27,-5.75,2.0
7,2,10.675,27,-27,-5.649999999999999,2.0
7,3,10.625,27,-27,-5.75,2.0
7,4,10.975,27,-27,-5.050000000000001,2.0
7,5,10.375,27,-27,-6.25,2.0
7,6,11.125,27,-27,-4.75,2.0
7,7,10.55,27,-27,-5.899999999999999,2.0
7,8,10.425,27,-27,-6.149999999999999,2.0
7,9,10.725,27,-27,-5.550000000000001,2.0
7,10,10.325,27,-27,-6.350000000000001,2.0
7,11,10.7,27,-27,-5.600000000000001,2.0
7,12,10.875,27,-27,-5.25,2.0
7,13,10.8,27,-27,-5.399999999999999,2.0
7,14,10.65,27,-27,-5.699999999999999,2.0
7,15,10.725,27,-27,-5.550000000000001,2.0
7,16,10.5,27,-27,-6.0,2.0
7,17,10.75,27,-27,-5.5,2.0
7,18,10.375,27,-27,-6.25,2.0
7,19,10.025,27,-27,-6.949999999999999,2.0
7,20,10.65,27,-27,-5.699999999999999,2.0
8,1,10.525,28,-28,-6.949999999999999,2.0
8,2,10.3,28,-28,-7.399999999999999,2.0
8,3,10.55,28,-28,-6.899999999999999,2.0
8,4,10.925,28,-28,-6.149999999999999,2.0
8,5,10.325,28,-28,-7.350000000000001,2.0
8,6,10.65,28,-28,-6.699999999999999,2.0
8,7,10.525,28,-28,-6.949999999999999,2.0
8,8,10.65,28,-28,-6.699999999999999,2.0
8,9,10.425,28,-28,-7.149999999999999,2.0
8,10,10.6,28,-28,-6.800000000000001,2.0
8,11,10.675,28,-28,-6.649999999999999,2.0
8,12,10.475,28,-28,-7.050000000000001,2.0
8,13,10.6,28,-28,-6.800000000000001,2.0
8,14,10.925,28,-28,-6.149999999999999,2.0
8,15,11.0,28,-28,-6.0,2.0
8,16,10.725,28,-28,-6.550000000000001,2.0
8,17,10.525,28,-28,-6.949999999999999,2.0
8,18,10.375,28,-28,-7.25,2.0
8,19,10.5,28,-28,-7.0,2.0
8,20,10.2,28,-28,-7.600000000000001,2.0
9,1,10.5,29,-29,-8.0,2.0
9,2,10.65,29,-29,-7.699999999999999,2.0
9,3,11.05,29,-29,-6.899999999999999,2.0
9,4,10.875,29,-29,-7.25,2.0
9,5,10.675,29,-29,-7.649999999999999,2.0
9,6,10.75,29,-29,-7.5,2.0
9,7,10.55,29,-29,-7.899999999999999,2.0
9,8,10.65,29,-29,-7.699999999999999,2.0
9,9,10.4,29,-29,-8.2,2.0
9,10,10.65,29,-29,-7.699999999999999,2.0
9,11,10.725,29,-29,-7.550000000000001,2.0
9,12,11.0,29,-29,-7.0,2.0
9,13,10.475,29,-29,-8.05,2.0
9,14,10.375,29,-29,-8.25,2.0
9,15,10.775,29,-29,-7.449999999999999,2.0
9,16,10.8,29,-29,-7.399999999999999,2.0
9,17,10.425,29,-29,-8.149999999999999,2.0
9,18,10.425,29,-29,-8.149999999999999,2.0
9,19,10.575,29,-29,-7.850000000000001,2.0
9,20,10.425,29,-29,-8.149999999999999,2.0
10,1,10.525,30,-30,-8.95,2.0
10,2,10.7,30,-30,-8.600000000000001,2.0
10,3,10.575,30,-30,-8.850000000000001,2.0
10,4,10.95,30,-30,-8.100000000000001,2.0
10,5,10.575,30,-30,-8.850000000000001,2.0
10,6,10.925,30,-30,-8.149999999999999,2.0
10,7,10.675,30,-30,-8.649999999999999,2.0
10,8,10.35,30,-30,-9.3,2.0
10,9,10.8,30,-30,-8.399999999999999,2.0
10,10,10.525,30,-30,-8.95,2.0
10,11,10.875,30,-30,-8.25,2.0
10,12,10.75,30,-30,-8.5,2.0
10,13,11.075,30,-30,-7.850000000000001,2.0
10,14,10.875,30,-30,-8.25,2.0
10,15,10.6,30,-30,-8.8,2.0
10,16,10.925,30,-30,-8.149999999999999,2.0
10,17,10.5,30,-30,-9.0,2.0
10,18,10.275,30,-30,-9.45,2.0
10,19,10.575,30,-30,-8.850000000000001,2.0
10,20,10.6,30,-30,-8.8,2.0
11,1,10.475,31,-31,-10.05,2.0
11,2,10.575,31,-31,-9.850000000000001,2.0
11,3,10.65,31,-31,-9.7,2.0
11,4,10.775,31,-31,-9.45,2.0
11,5,10.275,31,-31,-10.45,2.0
11,6,11.05,31,-31,-8.899999999999999,2.0
11,7,10.375,31,-31,-10.25,2.0
11,8,10.85,31,-31,-9.3,2.0
11,9,10.375,31,-31,-10.25,2.0
11,10,10.7,31,-31,-9.600000000000001,2.0
11,11,10.65,31,-31,-9.7,2.0
11,12,10.825,31,-31,-9.350000000000001,2.0
11,13,10.65,31,-31,-9.7,2.0
11,14,10.825,31,-31,-9.350000000000001,2.0
11,15,10.675,31,-31,-9.649999999999999,2.0
11,16,11.0,31,-31,-9.0,2.0
11,17,10.65,31,-31,-9.7,2.0
11,18,10.6,31,-31,-9.8,2.0
11,19,10.5,31,-31,-10.0,2.0
11,20,10.525,31,-31,-9.95,2.0
12,1,10.2,32,-32,-11.600000000000001,2.0
12,2,10.875,32,-32,-10.25,2.0
12,3,11.025,32,-32,-9.95,2.0
12,4,10.775,32,-32,-10.45,2.0
12,5,10.325,32,-32,-11.350000000000001,2.0
12,6,11.05,32,-32,-9.899999999999999,2.0
12,7,10.375,32,-32,-11.25,2.0
12,8,11.05,32,-32,-9.899999999999999,2.0
12,9,10.775,32,-32,-10.45,2.0
12,10,10.85,32,-32,-10.3,2.0
12,11,10.9,32,-32,-10.2,2.0
12,12,10.475,32,-32,-11.05,2.0
12,13,11.125,32,-32,-9.75,2.0
12,14,10.775,32,-32,-10.45,2.0
12,15,10.525,32,-32,-10.95,2.0
12,16,10.55,32,-32,-10.899999999999999,2.0
12,17,10.675,32,-32,-10.649999999999999,2.0
12,18,10.675,32,-32,-10.649999999999999,2.0
12,19,10.525,32,-32,-10.95,2.0
12,20,10.875,32,-32,-10.25,2.0
13,1,10.3,33,-33,-12.399999999999999,2.0
13,2,10.85,33,-33,-11.3,2.0
13,3,10.75,33,-33,-11.5,2.0
13,4,10.8,33,-33,-11.399999999999999,2.0
13,5,10.425,33,-33,-12.149999999999999,2.0
13,6,10.85,33,-33,-11.3,2.0
13,7,10.65,33,-33,-11.7,2.0
13,8,10.475,33,-33,-12.05,2.0
13,9,10.525,33,-33,-11.95,2.0
13,10,10.7,33,-33,-11.600000000000001,2.0
13,11,10.85,33,-33,-11.3,2.0
13,12,10.675,33,-33,-11.649999999999999,2.0
13,13,10.925,33,-33,-11.149999999999999,2.0
13,14,10.75,33,-33,-11.5,2.0
13,15,10.675,33,-33,-11.649999999999999,2.0
13,16,10.975,33,-33,-11.05,2.0
13,17,10.95,33,-33,-11.100000000000001,2.0
13,18,10.8,33,-33,-11.399999999999999,2.0
13,19,10.575,33,-33,-11.850000000000001,2.0
13,20,10.7,33,-33,-11.600000000000001,2.0
14,1,10.575,34,-34,-12.850000000000001,2.0
14,2,10.85,34,-34,-12.3,2.0
14,3,10.55,34,-34,-12.899999999999999,2.0
14,4,10.9,34,-34,-12.2,2.0
14,5,10.675,34,-34,-12.649999999999999,2.0
14,6,10.725,34,-34,-12.55,2.0
14,7,10.725,34,-34,-12.55,2.0
14,8,10.725,34,-34,-12.55,2.0
14,9,10.55,34,-34,-12.899999999999999,2.0
14,10,10.625,34,-34,-12.75,2.0
14,11,10.925,34,-34,-12.149999999999999,2.0
14,12,10.8,34,-34,-12.399999999999999,2.0
14,13,11.025,34,-34,-11.95,2.0
14,14,10.725,34,-34,-12.55,2.0
14,15,10.55,34,-34,-12.899999999999999,2.0
14,16,10.9,34,-34,-12.2,2.0
14,17,10.725,34,-34,-12.55,2.0
14,18,10.85,34,-34,-12.3,2.0
14,19,10.6,34,-34,-12.8,2.0
14,20,10.65,34,-34,-12.7,2.0
15,1,10.75,35,-35,-13.5,2.0
15,2,10.825,35,-35,-13.350000000000001,2.0
15,3,11.05,35,-35,-12.899999999999999,2.0
15,4,10.85,35,-35,-13.3,2.0
15,5,10.5,35,-35,-14.0,2.0
15,6,10.65,35,-35,-13.7,2.0
15,7,10.8,35,-35,-13.399999999999999,2.0
15,8,10.7,35,-35,-13.600000000000001,2.0
15,9,10.525,35,-35,-13.95,2.0
15,10,10.675,35,-35,-13.649999999999999,2.0
15,11,10.85,35,-35,-13.3,2.0
15,12,10.7,35,-35,-13.600000000000001,2.0
15,13,10.875,35,-35,-13.25,2.0
15,14,10.8,35,-35,-13.399999999999999,2.0
15,15,10.775,35,-35,-13.45,2.0
15,16,10.75,35,-35,-13.5,2.0
15,17,10.425,35,-35,-14.149999999999999,2.0
15,18,10.675,35,-35,-13.649999999999999,2.0
15,19,10.575,35,-35,-13.850000000000001,2.0
15,20,10.9,35,-35,-13.2,2.0
16,1,10.425,36,-36,-15.149999999999999,2.0
16,2,10.775,36,-36,-14.45,2.0
16,3,10.8,36,-36,-14.399999999999999,2.0
16,4,10.875,36,-36,-14.25,2.0
16,5,10.375,36,-36,-15.25,2.0
16,6,10.7,36,-36,-14.600000000000001,2.0
16,7,10.875,36,-36,-14.25,2.0
16,8,10.8,36,-36,-14.399999999999999,2.0
16,9,10.65,36,-36,-14.7,2.0
16,10,10.675,36,-36,-14.649999999999999,2.0
16,11,10.925,36,-36,-14.149999999999999,2.0
16,12,10.8,36,-36,-14.399999999999999,2.0
16,13,10.7,36,-36,-14.600000000000001,2.0
16,14,10.8,36,-36,-14.399999999999999,2.0
16,15,10.3,36,-36,-15.399999999999999,2.0
16,16,10.85,36,-36,-14.3,2.0
16,17,10.825,36,-36,-14.350000000000001,2.0
16,18,10.575,36,-36,-14.850000000000001,2.0
16,19,10.65,36,-36,-14.7,2.0
16,20,10.575,36,-36,-14.850000000000001,2.0
17,1,10.2,37,-37,-16.6,2.0
17,2,10.6,37,-37,-15.8,2.0
17,3,10.75,37,-37,-15.5,2.0
17,4,10.925,37,-37,-15.149999999999999,2.0
17,5,10.3,37,-37,-16.4,2.0
17,6,10.85,37,-37,-15.3,2.0
17,7,10.7,37,-37,-15.600000000000001,2.0
17,8,10.55,37,-37,-15.899999999999999,2.0
17,9,10.65,37,-37,-15.7,2.0
17,10,10.675,37,-37,-15.649999999999999,2.0
17,11,10.925,37,-37,-15.149999999999999,2.0
17,12,10.6,37,-37,-15.8,2.0
17,13,10.7,37,-37,-15.600000000000001,2.0
17,14,10.65,37,-37,-15.7,2.0
17,15,10.65,37,-37,-15.7,2.0
17,16,10.85,37,-37,-15.3,2.0
17,17,10.875,37,-37,-15.25,2.0
17,18,10.575,37,-37,-15.850000000000001,2.0
17,19,10.55,37,-37,-15.899999999999999,2.0
17,20,10.65,37,-37,-15.7,2.0
18,1,10.625,38,-38,-16.75,2.0
18,2,10.675,38,-38,-16.65,2.0
18,3,11.0,38,-38,-16.0,2.0
18,4,10.725,38,-38,-16.55,2.0
18,5,10.6,38,-38,-16.8,2.0
18,6,10.85,38,-38,-16.3,2.0
18,7,10.775,38,-38,-16.45,2.0
18,8,10.65,38,-38,-16.7,2.0
18,9,10.525,38,-38,-16.95,2.0
18,10,10.65,38,-38,-16.7,2.0
18,11,10.925,38,-38,-16.15,2.0
18,12,10.725,38,-38,-16.55,2.0
18,13,10.7,38,-38,-16.6,2.0
18,14,10.75,38,-38,-16.5,2.0
18,15,10.35,38,-38,-17.3,2.0
18,16,10.875,38,-38,-16.25,2.0
18,17,10.9,38,-38,-16.2,2.0
18,18,10.675,38,-38,-16.65,2.0
18,19,10.7,38,-38,-16.6,2.0
18,20,10.675,38,-38,-16.65,2.0
19,1,10.2,39,-39,-18.6,2.0
19,2,10.8,39,-39,-17.4,2.0
19,3,10.9,39,-39,-17.2,2.0
19,4,10.875,39,-39,-17.25,2.0
19,5,10.45,39,-39,-18.1,2.0
19,6,10.85,39,-39,-17.3,2.0
19,7,10.825,39,-39,-17.35,2.0
19,8,10.675,39,-39,-17.65,2.0
19,9,10.7,39,-39,-17.6,2.0
19,10,10.7,39,-39,-17.6,2.0
19,11,10.925,39,-39,-17.15,2.0
19,12,10.65,39,-39,-17.7,2.0
19,13,10.625,39,-39,-17.75,2.0
19,14,10.85,39,-39,-17.3,2.0
19,15,10.925,39,-39,-17.15,2.0
19,16,10.85,39,-39,-17.3,2.0
19,17,10.95,39,-39,-17.1,2.0
19,18,10.525,39,-39,-17.95,2.0
19,19,10.675,39,-39,-17.65,2.0
19,20,10.65,39,-39,-17.7,2.0
20,1,10.4,40,-40,-19.2,2.0
20,2,10.8,40,-40,-18.4,2.0
20,3,10.875,40,-40,-18.25,2.0
20,4,10.875,40,-40,-18.25,2.0
20,5,10.425,40,-40,-19.15,2.0
20,6,10.85,40,-40,-18.3,2.0
20,7,10.675,40,-40,-18.65,2.0
20,8,10.525,40,-40,-18.95,2.0
20,9,10.45,40,-40,-19.1,2.0
20,10,10.65,40,-40,-18.7,2.0
20,11,10.925,40,-40,-18.15,2.0
20,12,10.7,40,-40,-18.6,2.0
20,13,10.7,40,-40,-18.6,2.0
20,14,10.625,40,-40,-18.75,2.0
20,15,11.025,40,-40,-17.95,2.0
20,16,10.85,40,-40,-18.3,2.0
20,17,10.925,40,-40,-18.15,2.0
20,18,10.525,40,-40,-18.95,2.0
20,19,10.75,40,-40,-18.5,2.0
20,20,10.725,40,-40,-18.55,2.0
1,1,8.525,21,-21,21.625,5.0
1,2,8.55,21,-21,21.75,5.0
1,3,9.2,21,-21,25.0,5.0
1,4,8.7,21,-21,22.5,5.0
1,5,8.6,21,-21,22.0,5.0
1,6,8.625,21,-21,22.125,5.0
1,7,8.725,21,-21,22.625,5.0
1,8,8.475,21,-21,21.375,5.0
1,9,8.4,21,-21,21.0,5.0
1,10,8.925,21,-21,23.625,5.0
1,11,9.0,21,-21,24.0,5.0
1,12,8.5,21,-21,21.5,5.0
1,13,8.65,21,-21,22.25,5.0
1,14,8.825,21,-21,23.125,5.0
1,15,8.475,21,-21,21.375,5.0
1,16,8.9,21,-21,23.5,5.0
1,17,8.6,21,-21,22.0,5.0
1,18,8.9,21,-21,23.5,5.0
1,19,8.775,21,-21,22.875,5.0
1,20,8.575,21,-21,21.875,5.0
2,1,9.175,22,-22,23.875,5.0
2,2,9.925,22,-22,27.625,5.0
2,3,9.2,22,-22,24.0,5.0
2,4,9.55,22,-22,25.75,5.0
2,5,9.45,22,-22,25.25,5.0
2,6,9.8,22,-22,27.0,5.0
2,7,9.825,22,-22,27.125,5.0
2,8,9.35,22,-22,24.75,5.0
2,9,9.8,22,-22,27.0,5.0
2,10,9.7,22,-22,26.5,5.0
2,11,9.65,22,-22,26.25,5.0
2,12,9.6,22,-22,26.0,5.0
2,13,10.025,22,-22,28.125,5.0
2,14,9.825,22,-22,27.125,5.0
2,15,9.15,22,-22,23.75,5.0
2,16,9.85,22,-22,27.25,5.0
2,17,9.475,22,-22,25.375,5.0
2,18,9.625,22,-22,26.125,5.0
2,19,9.25,22,-22,24.25,5.0
2,20,9.9,22,-22,27.5,5.0
3,1,10.05,23,-23,27.25,5.0
3,2,10.025,23,-23,27.125,5.0
3,3,9.9,23,-23,26.5,5.0
3,4,10.425,23,-23,29.125,5.0
3,5,9.975,23,-23,26.875,5.0
3,6,10.3,23,-23,28.5,5.0
3,7,10.775,23,-23,30.875,5.0
3,8,10.525,23,-23,29.625,5.0
3,9,10.8,23,-23,31.0,5.0
3,10,10.225,23,-23,28.125,5.0
3,11,10.275,23,-23,28.375,5.0
3,12,10.3,23,-23,28.5,5.0
3,13,10.8,23,-23,31.0,5.0
3,14,10.0,23,-23,27.0,5.0
3,15,10.15,23,-23,27.75,5.0
3,16,9.7,23,-23,25.5,5.0
3,17,10.2,23,-23,28.0,5.0
3,18,9.975,23,-23,26.875,5.0
3,19,9.875,23,-23,26.375,5.0
3,20,10.275,23,-23,28.375,5.0
4,1,10.3,24,-24,27.5,5.0
4,2,10.35,24,-24,27.75,5.0
4,3,10.375,24,-24,27.875,5.0
4,4,10.575,24,-24,28.875,5.0
4,5,10.55,24,-24,28.75,5.0
4,6,10.275,24,-24,27.375,5.0
4,7,10.375,24,-24,27.875,5.0
4,8,10.475,24,-24,28.375,5.0
4,9,10.65,24,-24,29.25,5.0
4,10,10.65,24,-24,29.25,5.0
4,11,10.4,24,-24,28.0,5.0
4,12,10.275,24,-24,27.375,5.0
4,13,10.675,24,-24,29.375,5.0
4,14,10.525,24,-24,28.625,5.0
4,15,10.525,24,-24,28.625,5.0
4,16,10.725,24,-24,29.625,5.0
4,17,10.475,24,-24,28.375,5.0
4,18,10.3,24,-24,27.5,5.0
4,19,10.35,24,-24,27.75,5.0
4,20,10.2,24,-24,27.0,5.0
5,1,10.275,25,-25,26.375,5.0
5,2,10.675,25,-25,28.375,5.0
5,3,10.375,25,-25,26.875,5.0
5,4,10.4,25,-25,27.0,5.0
5,5,9.85,25,-25,24.25,5.0
5,6,10.65,25,-25,28.25,5.0
5,7,10.55,25,-25,27.75,5.0
5,8,10.625,25,-25,28.125,5.0
5,9,10.45,25,-25,27.25,5.0
5,10,10.55,25,-25,27.75,5.0
5,11,10.55,25,-25,27.75,5.0
5,12,10.6,25,-25,28.0,5.0
5,13,10.55,25,-25,27.75,5.0
5,14,10.5,25,-25,27.5,5.0
5,15,10.6,25,-25,28.0,5.0
5,16,10.5,25,-25,27.5,5.0
5,17,10.475,25,-25,27.375,5.0
5,18,10.1,25,-25,25.5,5.0
5,19,10.125,25,-25,25.625,5.0
5,20,10.675,25,-25,28.375,5.0
6,1,10.475,26,-26,26.375,5.0
6,2,10.8,26,-26,28.0,5.0
6,3,10.3,26,-26,25.5,5.0
6,4,10.875,26,-26,28.375,5.0
6,5,10.275,26,-26,25.375,5.0
6,6,10.575,26,-26,26.875,5.0
6,7,10.25,26,-26,25.25,5.0
6,8,10.55,26,-26,26.75,5.0
6,9,10.7,26,-26,27.5,5.0
6,10,10.625,26,-26,27.125,5.0
6,11,10.375,26,-26,25.875,5.0
6,12,10.95,26,-26,28.75,5.0
6,13,10.775,26,-26,27.875,5.0
6,14,10.4,26,-26,26.0,5.0
6,15,10.6,26,-26,27.0,5.0
6,16,10.5,26,-26,26.5,5.0
6,17,10.6,26,-26,27.0,5.0
6,18,10.225,26,-26,25.125,5.0
6,19,10.375,26,-26,25.875,5.0
6,20,10.625,26,-26,27.125,5.0
7,1,10.625,27,-27,26.125,5.0
7,2,10.675,27,-27,26.375,5.0
7,3,10.625,27,-27,26.125,5.0
7,4,10.975,27,-27,27.875,5.0
7,5,10.375,27,-27,24.875,5.0
7,6,11.125,27,-27,28.625,5.0
7,7,10.55,27,-27,25.75,5.0
7,8,10.425,27,-27,25.125,5.0
7,9,10.725,27,-27,26.625,5.0
7,10,10.325,27,-27,24.625,5.0
7,11,10.7,27,-27,26.5,5.0
7,12,10.875,27,-27,27.375,5.0
7,13,10.8,27,-27,27.0,5.0
7,14,10.65,27,-27,26.25,5.0
7,15,10.725,27,-27,26.625,5.0
7,16,10.5,27,-27,25.5,5.0
7,17,10.75,27,-27,26.75,5.0
7,18,10.375,27,-27,24.875,5.0
7,19,10.025,27,-27,23.125,5.0
7,20,10.65,27,-27,26.25,5.0
8,1,10.525,28,-28,24.625,5.0
8,2,10.3,28,-28,23.5,5.0
8,3,10.55,28,-28,24.75,5.0
8,4,10.925,28,-28,26.625,5.0
8,5,10.325,28,-28,23.625,5.0
8,6,10.65,28,-28,25.25,5.0
8,7,10.525,28,-28,24.625,5.0
8,8,10.65,28,-28,25.25,5.0
8,9,10.425,28,-28,24.125,5.0
8,10,10.6,28,-28,25.0,5.0
8,11,10.675,28,-28,25.375,5.0
8,12,10.475,28,-28,24.375,5.0
8,13,10.6,28,-28,25.0,5.0
8,14,10.925,28,-28,26.625,5.0
8,15,11.0,28,-28,27.0,5.0
8,16,10.725,28,-28,25.625,5.0
8,17,10.525,28,-28,24.625,5.0
8,18,10.375,28,-28,23.875,5.0
8,19,10.5,28,-28,24.5,5.0
8,20,10.2,28,-28,23.0,5.0
9,1,10.5,29,-29,23.5,5.0
9,2,10.65,29,-29,24.25,5.0
9,3,11.05,29,-29,26.25,5.0
9,4,10.875,29,-29,25.375,5.0
9,5,10.675,29,-29,24.375,5.0
9,6,10.75,29,-29,24.75,5.0
9,7,10.55,29,-29,23.75,5.0
9,8,10.65,29,-29,24.25,5.0
9,9,10.4,29,-29,23.0,5.0
9,10,10.65,29,-29,24.25,5.0
9,11,10.725,29,-29,24.625,5.0
9,12,11.0,29,-29,26.0,5.0
9,13,10.475,29,-29,23.375,5.0
9,14,10.375,29,-29,22.875,5.0
9,15,10.775,29,-29,24.875,5.0
9,16,10.8,29,-29,25.0,5.0
9,17,10.425,29,-29,23.125,5.0
9,18,10.425,29,-29,23.125,5.0
9,19,10.575,29,-29,23.875,5.0
9,20,10.425,29,-29,23.125,5.0
10,1,10.525,30,-30,22.625,5.0
10,2,10.7,30,-30,23.5,5.0
10,3,10.575,30,-30,22.875,5.0
10,4,10.95,30,-30,24.75,5.0
10,5,10.575,30,-30,22.875,5.0
10,6,10.925,30,-30,24.625,5.0
10,7,10.675,30,-30,23.375,5.0
10,8,10.35,30,-30,21.75,5.0
10,9,10.8,30,-30,24.0,5.0
10,10,10.525,30,-30,22.625,5.0
10,11,10.875,30,-30,24.375,5.0
10,12,10.75,30,-30,23.75,5.0
10,13,11.075,30,-30,25.375,5.0
10,14,10.875,30,-30,24.375,5.0
10,15,10.6,30,-30,23.0,5.0
10,16,10.925,30,-30,24.625,5.0
10,17,10.5,30,-30,22.5,5.0
10,18,10.275,30,-30,21.375,5.0
10,19,10.575,30,-30,22.875,5.0
10,20,10.6,30,-30,23.0,5.0
11,1,10.475,31,-31,21.375,5.0
11,2,10.575,31,-31,21.875,5.0
11,3,10.65,31,-31,22.25,5.0
11,4,10.775,31,-31,22.875,5.0
11,5,10.275,31,-31,20.375,5.0
11,6,11.05,31,-31,24.25,5.0
11,7,10.375,31,-31,20.875,5.0
11,8,10.85,31,-31,23.25,5.0
11,9,10.375,31,-31,20.875,5.0
11,10,10.7,31,-31,22.5,5.0
11,11,10.65,31,-31,22.25,5.0
11,12,10.825,31,-31,23.125,5.0
11,13,10.65,31,-31,22.25,5.0
11,14,10.825,31,-31,23.125,5.0
11,15,10.675,31,-31,22.375,5.0
11,16,11.0,31,-31,24.0,5.0
11,17,10.65,31,-31,22.25,5.0
11,18,10.6,31,-31,22.0,5.0
11,19,10.5,31,-31,21.5,5.0
11,20,10.525,31,-31,21.625,5.0
12,1,10.2,32,-32,19.0,5.0
12,2,10.875,32,-32,22.375,5.0
12,3,11.025,32,-32,23.125,5.0
12,4,10.775,32,-32,21.875,5.0
12,5,10.325,32,-32,19.625,5.0
12,6,11.05,32,-32,23.25,5.0
12,7,10.375,32,-32,19.875,5.0
12,8,11.05,32,-32,23.25,5.0
12,9,10.775,32,-32,21.875,5.0
12,10,10.85,32,-32,22.25,5.0
12,11,10.9,32,-32,22.5,5.0
12,12,10.475,32,-32,20.375,5.0
12,13,11.125,32,-32,23.625,5.0
12,14,10.775,32,-32,21.875,5.0
12,15,10.525,32,-32,20.625,5.0
12,16,10.55,32,-32,20.75,5.0
12,17,10.675,32,-32,21.375,5.0
12,18,10.675,32,-32,21.375,5.0
12,19,10.525,32,-32,20.625,5.0
12,20,10.875,32,-32,22.375,5.0
13,1,10.3,33,-33,18.5,5.0
13,2,10.85,33,-33,21.25,5.0
13,3,10.75,33,-33,20.75,5.0
13,4,10.8,33,-33,21.0,5.0
13,5,10.425,33,-33,19.125,5.0
13,6,10.85,33,-33,21.25,5.0
13,7,10.65,33,-33,20.25,5.0
13,8,10.475,33,-33,19.375,5.0
13,9,10.525,33,-33,19.625,5.0
13,10,10.7,33,-33,20.5,5.0
13,11,10.85,33,-33,21.25,5.0
13,12,10.675,33,-33,20.375,5.0
13,13,10.925,33,-33,21.625,5.0
13,14,10.75,33,-33,20.75,5.0
13,15,10.675,33,-33,20.375,5.0
13,16,10.975,33,-33,21.875,5.0
13,17,10.95,33,-33,21.75,5.0
13,18,10.8,33,-33,21.0,5.0
13,19,10.575,33,-33,19.875,5.0
13,20,10.7,33,-33,20.5,5.0
14,1,10.575,34,-34,18.875,5.0
14,2,10.85,34,-34,20.25,5.0
14,3,10.55,34,-34,18.75,5.0
14,4,10.9,34,-34,20.5,5.0
14,5,10.675,34,-34,19.375,5.0
14,6,10.725,34,-34,19.625,5.0
14,7,10.725,34,-34,19.625,5.0
14,8,10.725,34,-34,19.625,5.0
14,9,10.55,34,-34,18.75,5.0
14,10,10.625,34,-34,19.125,5.0
14,11,10.925,34,-34,20.625,5.0
14,12,10.8,34,-34,20.0,5.0
14,13,11.025,34,-34,21.125,5.0
14,14,10.725,34,-34,19.625,5.0
14,15,10.55,34,-34,18.75,5.0
14,16,10.9,34,-34,20.5,5.0
14,17,10.725,34,-34,19.625,5.0
14,18,10.85,34,-34,20.25,5.0
14,19,10.6,34,-34,19.0,5.0
14,20,10.65,34,-34,19.25,5.0
15,1,10.75,35,-35,18.75,5.0
15,2,10.825,35,-35,19.125,5.0
15,3,11.05,35,-35,20.25,5.0
15,4,10.85,35,-35,19.25,5.0
15,5,10.5,35,-35,17.5,5.0
15,6,10.65,35,-35,18.25,5.0
15,7,10.8,35,-35,19.0,5.0
15,8,10.7,35,-35,18.5,5.0
15,9,10.525,35,-35,17.625,5.0
15,10,10.675,35,-35,18.375,5.0
15,11,10.85,35,-35,19.25,5.0
15,12,10.7,35,-35,18.5,5.0
15,13,10.875,35,-35,19.375,5.0
15,14,10.8,35,-35,19.0,5.0
15,15,10.775,35,-35,18.875,5.0
15,16,10.75,35,-35,18.75,5.0
15,17,10.425,35,-35,17.125,5.0
15,18,10.675,35,-35,18.375,5.0
15,19,10.575,35,-35,17.875,5.0
15,20,10.9,35,-35,19.5,5.0
16,1,10.425,36,-36,16.125,5.0
16,2,10.775,36,-36,17.875,5.0
16,3,10.8,36,-36,18.0,5.0
16,4,10.875,36,-36,18.375,5.0
16,5,10.375,36,-36,15.875,5.0
16,6,10.7,36,-36,17.5,5.0
16,7,10.875,36,-36,18.375,5.0
16,8,10.8,36,-36,18.0,5.0
16,9,10.65,36,-36,17.25,5.0
16,10,10.675,36,-36,17.375,5.0
16,11,10.925,36,-36,18.625,5.0
16,12,10.8,36,-36,18.0,5.0
16,13,10.7,36,-36,17.5,5.0
16,14,10.8,36,-36,18.0,5.0
16,15,10.3,36,-36,15.5,5.0
16,16,10.85,36,-36,18.25,5.0
16,17,10.825,36,-36,18.125,5.0
16,18,10.575,36,-36,16.875,5.0
16,19,10.65,36,-36,17.25,5.0
16,20,10.575,36,-36,16.875,5.0
17,1,10.2,37,-37,14.0,5.0
17,2,10.6,37,-37,16.0,5.0
17,3,10.75,37,-37,16.75,5.0
17,4,10.925,37,-37,17.625,5.0
17,5,10.3,37,-37,14.5,5.0
17,6,10.85,37,-37,17.25,5.0
17,7,10.7,37,-37,16.5,5.0
17,8,10.55,37,-37,15.75,5.0
17,9,10.65,37,-37,16.25,5.0
17,10,10.675,37,-37,16.375,5.0
17,11,10.925,37,-37,17.625,5.0
17,12,10.6,37,-37,16.0,5.0
17,13,10.7,37,-37,16.5,5.0
17,14,10.65,37,-37,16.25,5.0
17,15,10.65,37,-37,16.25,5.0
17,16,10.85,37,-37,17.25,5.0
17,17,10.875,37,-37,17.375,5.0
17,18,10.575,37,-37,15.875,5.0
17,19,10.55,37,-37,15.75,5.0
17,20,10.65,37,-37,16.25,5.0
18,1,10.625,38,-38,15.125,5.0
18,2,10.675,38,-38,15.375,5.0
18,3,11.0,38,-38,17.0,5.0
18,4,10.725,38,-38,15.625,5.0
18,5,10.6,38,-38,15.0,5.0
18,6,10.85,38,-38,16.25,5.0
18,7,10.775,38,-38,15.875,5.0
18,8,10.65,38,-38,15.25,5.0
18,9,10.525,38,-38,14.625,5.0
18,10,10.65,38,-38,15.25,5.0
18,11,10.925,38,-38,16.625,5.0
18,12,10.725,38,-38,15.625,5.0
18,13,10.7,38,-38,15.5,5.0
18,14,10.75,38,-38,15.75,5.0
18,15,10.35,38,-38,13.75,5.0
18,16,10.875,38,-38,16.375,5.0
18,17,10.9,38,-38,16.5,5.0
18,18,10.675,38,-38,15.375,5.0
18,19,10.7,38,-38,15.5,5.0
18,20,10.675,38,-38,15.375,5.0
19,1,10.2,39,-39,12.0,5.0
19,2,10.8,39,-39,15.0,5.0
19,3,10.9,39,-39,15.5,5.0
19,4,10.875,39,-39,15.375,5.0
19,5,10.45,39,-39,13.25,5.0
19,6,10.85,39,-39,15.25,5.0
19,7,10.825,39,-39,15.125,5.0
19,8,10.675,39,-39,14.375,5.0
19,9,10.7,39,-39,14.5,5.0
19,10,10.7,39,-39,14.5,5.0
19,11,10.925,39,-39,15.625,5.0
19,12,10.65,39,-39,14.25,5.0
19,13,10.625,39,-39,14.125,5.0
19,14,10.85,39,-39,15.25,5.0
19,15,10.925,39,-39,15.625,5.0
19,16,10.85,39,-39,15.25,5.0
19,17,10.95,39,-39,15.75,5.0
19,18,10.525,39,-39,13.625,5.0
19,19,10.675,39,-39,14.375,5.0
19,20,10.65,39,-39,14.25,5.0
20,1,10.4,40,-40,12.0,5.0
20,2,10.8,40,-40,14.0,5.0
20,3,10.875,40,-40,14.375,5.0
20,4,10.875,40,-40,14.375,5.0
20,5,10.425,40,-40,12.125,5.0
20,6,10.85,40,-40,14.25,5.0
20,7,10.675,40,-40,13.375,5.0
20,8,10.525,40,-40,12.625,5.0
20,9,10.45,40,-40,12.25,5.0
20,10,10.65,40,-40,13.25,5.0
20,11,10.925,40,-40,14.625,5.0
20,12,10.7,40,-40,13.5,5.0
20,13,10.7,40,-40,13.5,5.0
20,14,10.625,40,-40,13.125,5.0
20,15,11.025,40,-40,15.125,5.0
20,16,10.85,40,-40,14.25,5.0
20,17,10.925,40,-40,14.625,5.0
20,18,10.525,40,-40,12.625,5.0
20,19,10.75,40,-40,13.75,5.0
20,20,10.725,40,-40,13.625,5.0
1,1,8.525,21,-21,64.25,10.0
1,2,8.55,21,-21,64.5,10.0
1,3,9.2,21,-21,71.0,10.0
1,4,8.7,21,-21,66.0,10.0
1,5,8.6,21,-21,65.0,10.0
1,6,8.625,21,-21,65.25,10.0
1,7,8.725,21,-21,66.25,10.0
1,8,8.475,21,-21,63.75,10.0
1,9,8.4,21,-21,63.0,10.0
1,10,8.925,21,-21,68.25,10.0
1,11,9.0,21,-21,69.0,10.0
1,12,8.5,21,-21,64.0,10.0
1,13,8.65,21,-21,65.5,10.0
1,14,8.825,21,-21,67.25,10.0
1,15,8.475,21,-21,63.75,10.0
1,16,8.9,21,-21,68.0,10.0
1,17,8.6,21,-21,65.0,10.0
1,18,8.9,21,-21,68.0,10.0
1,19,8.775,21,-21,66.75,10.0
1,20,8.575,21,-21,64.75,10.0
2,1,9.175,22,-22,69.75,10.0
2,2,9.925,22,-22,77.25,10.0
2,3,9.2,22,-22,70.0,10.0
2,4,9.55,22,-22,73.5,10.0
2,5,9.45,22,-22,72.5,10.0
2,6,9.8,22,-22,76.0,10.0
2,7,9.825,22,-22,76.25,10.0
2,8,9.35,22,-22,71.5,10.0
2,9,9.8,22,-22,76.0,10.0
2,10,9.7,22,-22,75.0,10.0
2,11,9.65,22,-22,74.5,10.0
2,12,9.6,22,-22,74.0,10.0
2,13,10.025,22,-22,78.25,10.0
2,14,9.825,22,-22,76.25,10.0
2,15,9.15,22,-22,69.5,10.0
2,16,9.85,22,-22,76.5,10.0
2,17,9.475,22,-22,72.75,10.0
2,18,9.625,22,-22,74.25,10.0
2,19,9.25,22,-22,70.5,10.0
2,20,9.9,22,-22,77.0,10.0
3,1,10.05,23,-23,77.5,10.0
3,2,10.025,23,-23,77.25,10.0
3,3,9.9,23,-23,76.0,10.0
3,4,10.425,23,-23,81.25,10.0
3,5,9.975,23,-23,76.75,10.0
3,6,10.3,23,-23,80.0,10.0
3,7,10.775,23,-23,84.75,10.0
3,8,10.525,23,-23,82.25,10.0
3,9,10.8,23,-23,85.0,10.0
3,10,10.225,23,-23,79.25,10.0
3,11,10.275,23,-23,79.75,10.0
3,12,10.3,23,-23,80.0,10.0
3,13,10.8,23,-23,85.0,10.0
3,14,10.0,23,-23,77.0,10.0
3,15,10.15,23,-23,78.5,10.0
3,16,9.7,23,-23,74.0,10.0
3,17,10.2,23,-23,79.0,10.0
3,18,9.975,23,-23,76.75,10.0
3,19,9.875,23,-23,75.75,10.0
3,20,10.275,23,-23,79.75,10.0
4,1,10.3,24,-24,79.0,10.0
4,2,10.35,24,-24,79.5,10.0
4,3,10.375,24,-24,79.75,10.0
4,4,10.575,24,-24,81.75,10.0
4,5,10.55,24,-24,81.5,10.0
4,6,10.275,24,-24,78.75,10.0
4,7,10.375,24,-24,79.75,10.0
4,8,10.475,24,-24,80.75,10.0
4,9,10.65,24,-24,82.5,10.0
4,10,10.65,24,-24,82.5,10.0
4,11,10.4,24,-24,80.0,10.0
4,12,10.275,24,-24,78.75,10.0
4,13,10.675,24,-24,82.75,10.0
4,14,10.525,24,-24,81.25,10.0
4,15,10.525,24,-24,81.25,10.0
4,16,10.725,24,-24,83.25,10.0
4,17,10.475,24,-24,80.75,10.0
4,18,10.3,24,-24,79.0,10.0
4,19,10.35,24,-24,79.5,10.0
4,20,10.2,24,-24,78.0,10.0
5,1,10.275,25,-25,77.75,10.0
5,2,10.675,25,-25,81.75,10.0
5,3,10.375,25,-25,78.75,10.0
5,4,10.4,25,-25,79.0,10.0
5,5,9.85,25,-25,73.5,10.0
5,6,10.65,25,-25,81.5,10.0
5,7,10.55,25,-25,80.5,10.0
5,8,10.625,25,-25,81.25,10.0
5,9,10.45,25,-25,79.5,10.0
5,10,10.55,25,-25,80.5,10.0
5,11,10.55,25,-25,80.5,10.0
5,12,10.6,25,-25,81.0,10.0
5,13,10.55,25,-25,80.5,10.0
5,14,10.5,25,-25,80.0,10.0
5,15,10.6,25,-25,81.0,10.0
5,16,10.5,25,-25,80.0,10.0
5,17,10.475,25,-25,79.75,10.0
5,18,10.1,25,-25,76.0,10.0
5,19,10.125,25,-25,76.25,10.0
5,20,10.675,25,-25,81.75,10.0
6,1,10.475,26,-26,78.75,10.0
6,2,10.8,26,-26,82.0,10.0
6,3,10.3,26,-26,77.0,10.0
6,4,10.875,26,-26,82.75,10.0
6,5,10.275,26,-26,76.75,10.0
6,6,10.575,26,-26,79.75,10.0
6,7,10.25,26,-26,76.5,10.0
6,8,10.55,26,-26,79.5,10.0
6,9,10.7,26,-26,81.0,10.0
6,10,10.625,26,-26,80.25,10.0
6,11,10.375,26,-26,77.75,10.0
6,12,10.95,26,-26,83.5,10.0
6,13,10.775,26,-26,81.75,10.0
6,14,10.4,26,-26,78.0,10.0
6,15,10.6,26,-26,80.0,10.0
6,16,10.5,26,-26,79.0,10.0
6,17,10.6,26,-26,80.0,10.0
6,18,10.225,26,-26,76.25,10.0
6,19,10.375,26,-26,77.75,10.0
6,20,10.625,26,-26,80.25,10.0
7,1,10.625,27,-27,79.25,10.0
7,2,10.675,27,-27,79.75,10.0
7,3,10.625,27,-27,79.25,10.0
7,4,10.975,27,-27,82.75,10.0
7,5,10.375,27,-27,76.75,10.0
7,6,11.125,27,-27,84.25,10.0
7,7,10.55,27,-27,78.5,10.0
7,8,10.425,27,-27,77.25,10.0
7,9,10.725,27,-27,80.25,10.0
7,10,10.325,27,-27,76.25,10.0
7,11,10.7,27,-27,80.0,10.0
7,12,10.875,27,-27,81.75,10.0
7,13,10.8,27,-27,81.0,10.0
7,14,10.65,27,-27,79.5,10.0
7,15,10.725,27,-27,80.25,10.0
7,16,10.5,27,-27,78.0,10.0
7,17,10.75,27,-27,80.5,10.0
7,18,10.375,27,-27,76.75,10.0
7,19,10.025,27,-27,73.25,10.0
7,20,10.65,27,-27,79.5,10.0
8,1,10.525,28,-28,77.25,10.0
8,2,10.3,28,-28,75.0,10.0
8,3,10.55,28,-28,77.5,10.0
8,4,10.925,28,-28,81.25,10.0
8,5,10.325,28,-28,75.25,10.0
8,6,10.65,28,-28,78.5,10.0
8,7,10.525,28,-28,77.25,10.0
8,8,10.65,28,-28,78.5,10.0
8,9,10.425,28,-28,76.25,10.0
8,10,10.6,28,-28,78.0,10.0
8,11,10.675,28,-28,78.75,10.0
8,12,10.475,28,-28,76.75,10.0
8,13,10.6,28,-28,78.0,10.0
8,14,10.925,28,-28,81.25,10.0
8,15,11.0,28,-28,82.0,10.0
8,16,10.725,28,-28,79.25,10.0
8,17,10.525,28,-28,77.25,10.0
8,18,10.375,28,-28,75.75,10.0
8,19,10.5,28,-28,77.0,10.0
8,20,10.2,28,-28,74.0,10.0
9,1,10.5,29,-29,76.0,10.0
9,2,10.65,29,-29,77.5,10.0
9,3,11.05,29,-29,81.5,10.0
9,4,10.875,29,-29,79.75,10.0
9,5,10.675,29,-29,77.75,10.0
9,6,10.75,29,-29,78.5,10.0
9,7,10.55,29,-29,76.5,10.0
9,8,10.65,29,-29,77.5,10.0
9,9,10.4,29,-29,75.0,10.0
9,10,10.65,29,-29,77.5,10.0
9,11,10.725,29,-29,78.25,10.0
9,12,11.0,29,-29,81.0,10.0
9,13,10.475,29,-29,75.75,10.0
9,14,10.375,29,-29,74.75,10.0
9,15,10.775,29,-29,78.75,10.0
9,16,10.8,29,-29,79.0,10.0
9,17,10.425,29,-29,75.25,10.0
9,18,10.425,29,-29,75.25,10.0
9,19,10.575,29,-29,76.75,10.0
9,20,10.425,29,-29,75.25,10.0
10,1,10.525,30,-30,75.25,10.0
10,2,10.7,30,-30,77.0,10.0
10,3,10.575,30,-30,75.75,10.0
10,4,10.95,30,-30,79.5,10.0
10,5,10.575,30,-30,75.75,10.0
10,6,10.925,30,-30,79.25,10.0
10,7,10.675,30,-30,76.75,10.0
10,8,10.35,30,-30,73.5,10.0
10,9,10.8,30,-30,78.0,10.0
10,10,10.525,30,-30,75.25,10.0
10,11,10.875,30,-30,78.75,10.0
10,12,10.75,30,-30,77.5,10.0
10,13,11.075,30,-30,80.75,10.0
10,14,10.875,30,-30,78.75,10.0
10,15,10.6,30,-30,76.0,10.0
10,16,10.925,30,-30,79.25,10.0
10,17,10.5,30,-30,75.0,10.0
10,18,10.275,30,-30,72.75,10.0
10,19,10.575,30,-30,75.75,10.0
10,20,10.6,30,-30,76.0,10.0
11,1,10.475,31,-31,73.75,10.0
11,2,10.575,31,-31,74.75,10.0
11,3,10.65,31,-31,75.5,10.0
11,4,10.775,31,-31,76.75,10.0
11,5,10.275,31,-31,71.75,10.0
11,6,11.05,31,-31,79.5,10.0
11,7,10.375,31,-31,72.75,10.0
11,8,10.85,31,-31,77.5,10.0
11,9,10.375,31,-31,72.75,10.0
11,10,10.7,31,-31,76.0,10.0
11,11,10.65,31,-31,75.5,10.0
11,12,10.825,31,-31,77.25,10.0
11,13,10.65,31,-31,75.5,10.0
11,14,10.825,31,-31,77.25,10.0
11,15,10.675,31,-31,75.75,10.0
11,16,11.0,31,-31,79.0,10.0
11,17,10.65,31,-31,75.5,10.0
11,18,10.6,31,-31,75.0,10.0
11,19,10.5,31,-31,74.0,10.0
11,20,10.525,31,-31,74.25,10.0
12,1,10.2,32,-32,70.0,10.0
12,2,10.875,32,-32,76.75,10.0
12,3,11.025,32,-32,78.25,10.0
12,4,10.775,32,-32,75.75,10.0
12,5,10.325,32,-32,71.25,10.0
12,6,11.05,32,-32,78.5,10.0
12,7,10.375,32,-32,71.75,10.0
12,8,11.05,32,-32,78.5,10.0
12,9,10.775,32,-32,75.75,10.0
12,10,10.85,32,-32,76.5,10.0
12,11,10.9,32,-32,77.0,10.0
12,12,10.475,32,-32,72.75,10.0
12,13,11.125,32,-32,79.25,10.0
12,14,10.775,32,-32,75.75,10.0
12,15,10.525,32,-32,73.25,10.0
12,16,10.55,32,-32,73.5,10.0
12,17,10.675,32,-32,74.75,10.0
12,18,10.675,32,-32,74.75,10.0
12,19,10.525,32,-32,73.25,10.0
12,20,10.875,32,-32,76.75,10.0
13,1,10.3,33,-33,70.0,10.0
13,2,10.85,33,-33,75.5,10.0
13,3,10.75,33,-33,74.5,10.0
13,4,10.8,33,-33,75.0,10.0
13,5,10.425,33,-33,71.25,10.0
13,6,10.85,33,-33,75.5,10.0
13,7,10.65,33,-33,73.5,10.0
13,8,10.475,33,-33,71.75,10.0
13,9,10.525,33,-33,72.25,10.0
13,10,10.7,33,-33,74.0,10.0
13,11,10.85,33,-33,75.5,10.0
13,12,10.675,33,-33,73.75,10.0
13,13,10.925,33,-33,76.25,10.0
13,14,10.75,33,-33,74.5,10.0
13,15,10.675,33,-33,73.75,10.0
13,16,10.975,33,-33,76.75,10.0
13,17,10.95,33,-33,76.5,10.0
13,18,10.8,33,-33,75.0,10.0
13,19,10.575,33,-33,72.75,10.0
13,20,10.7,33,-33,74.0,10.0
14,1,10.575,34,-34,71.75,10.0
14,2,10.85,34,-34,74.5,10.0
14,3,10.55,34,-34,71.5,10.0
14,4,10.9,34,-34,75.0,10.0
14,5,10.675,34,-34,72.75,10.0
14,6,10.725,34,-34,73.25,10.0
14,7,10.725,34,-34,73.25,10.0
14,8,10.725,34,-34,73.25,10.0
14,9,10.55,34,-34,71.5,10.0
14,10,10.625,34,-34,72.25,10.0
14,11,10.925,34,-34,75.25,10.0
14,12,10.8,34,-34,74.0,10.0
14,13,11.025,34,-34,76.25,10.0
14,14,10.725,34,-34,73.25,10.0
14,15,10.55,34,-34,71.5,10.0
14,16,10.9,34,-34,75.0,10.0
14,17,10.725,34,-34,73.25,10.0
14,18,10.85,34,-34,74.5,10.0
14,19,10.6,34,-34,72.0,10.0
14,20,10.65,34,-34,72.5,10.0
15,1,10.75,35,-35,72.5,10.0
15,2,10.825,35,-35,73.25,10.0
15,3,11.05,35,-35,75.5,10.0
15,4,10.85,35,-35,73.5,10.0
15,5,10.5,35,-35,70.0,10.0
15,6,10.65,35,-35,71.5,10.0
15,7,10.8,35,-35,73.0,10.0
15,8,10.7,35,-35,72.0,10.0
15,9,10.525,35,-35,70.25,10.0
15,10,10.675,35,-35,71.75,10.0
15,11,10.85,35,-35,73.5,10.0
15,12,10.7,35,-35,72.0,10.0
15,13,10.875,35,-35,73.75,10.0
15,14,10.8,35,-35,73.0,10.0
15,15,10.775,35,-35,72.75,10.0
15,16,10.75,35,-35,72.5,10.0
15,17,10.425,35,-35,69.25,10.0
15,18,10.675,35,-35,71.75,10.0
15,19,10.575,35,-35,70.75,10.0
15,20,10.9,35,-35,74.0,10.0
16,1,10.425,36,-36,68.25,10.0
16,2,10.775,36,-36,71.75,10.0
16,3,10.8,36,-36,72.0,10.0
16,4,10.875,36,-36,72.75,10.0
16,5,10.375,36,-36,67.75,10.0
16,6,10.7,36,-36,71.0,10.0
16,7,10.875,36,-36,72.75,10.0
16,8,10.8,36,-36,72.0,10.0
16,9,10.65,36,-36,70.5,10.0
16,10,10.675,36,-36,70.75,10.0
16,11,10.925,36,-36,73.25,10.0
16,12,10.8,36,-36,72.0,10.0
16,13,10.7,36,-36,71.0,10.0
16,14,10.8,36,-36,72.0,10.0
16,15,10.3,36,-36,67.0,10.0
16,16,10.85,36,-36,72.5,10.0
16,17,10.825,36,-36,72.25,10.0
16,18,10.575,36,-36,69.75,10.0
16,19,10.65,36,-36,70.5,10.0
16,20,10.575,36,-36,69.75,10.0
17,1,10.2,37,-37,65.0,10.0
17,2,10.6,37,-37,69.0,10.0
17,3,10.75,37,-37,70.5,10.0
17,4,10.925,37,-37,72.25,10.0
17,5,10.3,37,-37,66.0,10.0
17,6,10.85,37,-37,71.5,10.0
17,7,10.7,37,-37,70.0,10.0
17,8,10.55,37,-37,68.5,10.0
17,9,10.65,37,-37,69.5,10.0
17,10,10.675,37,-37,69.75,10.0
17,11,10.925,37,-37,72.25,10.0
17,12,10.6,37,-37,69.0,10.0
17,13,10.7,37,-37,70.0,10.0
17,14,10.65,37,-37,69.5,10.0
17,15,10.65,37,-37,69.5,10.0
17,16,10.85,37,-37,71.5,10.0
17,17,10.875,37,-37,71.75,10.0
17,18,10.575,37,-37,68.75,10.0
17,19,10.55,37,-37,68.5,10.0
17,20,10.65,37,-37,69.5,10.0
18,1,10.625,38,-38,68.25,10.0
18,2,10.675,38,-38,68.75,10.0
18,3,11.0,38,-38,72.0,10.0
18,4,10.725,38,-38,69.25,10.0
18,5,10.6,38,-38,68.0,10.0
18,6,10.85,38,-38,70.5,10.0
18,7,10.775,38,-38,69.75,10.0
18,8,10.65,38,-38,68.5,10.0
18,9,10.525,38,-38,67.25,10.0
18,10,10.65,38,-38,68.5,10.0
18,11,10.925,38,-38,71.25,10.0
18,12,10.725,38,-38,69.25,10.0
18,13,10.7,38,-38,69.0,10.0
18,14,10.75,38,-38,69.5,10.0
18,15,10.35,38,-38,65.5,10.0
18,16,10.875,38,-38,70.75,10.0
18,17,10.9,38,-38,71.0,10.0
18,18,10.675,38,-38,68.75,10.0
18,19,10.7,38,-38,69.0,10.0
18,20,10.675,38,-38,68.75,10.0
19,1,10.2,39,-39,63.0,10.0
19,2,10.8,39,-39,69.0,10.0
19,3,10.9,39,-39,70.0,10.0
19,4,10.875,39,-39,69.75,10.0
19,5,10.45,39,-39,65.5,10.0
19,6,10.85,39,-39,69.5,10.0
19,7,10.825,39,-39,69.25,10.0
19,8,10.675,39,-39,67.75,10.0
19,9,10.7,39,-39,68.0,10.0
19,10,10.7,39,-39,68.0,10.0
19,11,10.925,39,-39,70.25,10.0
19,12,10.65,39,-39,67.5,10.0
19,13,10.625,39,-39,67.25,10.0
19,14,10.85,39,-39,69.5,10.0
19,15,10.925,39,-39,70.25,10.0
19,16,10.85,39,-39,69.5,10.0
19,17,10.95,39,-39,70.5,10.0
19,18,10.525,39,-39,66.25,10.0
19,19,10.675,39,-39,67.75,10.0
19,20,10.65,39,-39,67.5,10.0
20,1,10.4,40,-40,64.0,10.0
20,2,10.8,40,-40,68.0,10.0
20,3,10.875,40,-40,68.75,10.0
20,4,10.875,40,-40,68.75,10.0
20,5,10.425,40,-40,64.25,10.0
20,6,10.85,40,-40,68.5,10.0
20,7,10.675,40,-40,66.75,10.0
20,8,10.525,40,-40,65.25,10.0
20,9,10.45,40,-40,64.5,10.0
20,10,10.65,40,-40,66.5,10.0
20,11,10.925,40,-40,69.25,10.0
20,12,10.7,40,-40,67.0,10.0
20,13,10.7,40,-40,67.0,10.0
20,14,10.625,40,-40,66.25,10.0
20,15,11.025,40,-40,70.25,10.0
20,16,10.85,40,-40,68.5,10.0
20,17,10.925,40,-40,69.25,10.0
20,18,10.525,40,-40,65.25,10.0
20,19,10.75,40,-40,67.5,10.0
20,20,10.725,40,-40,67.25,10.0
1,1,8.525,21,-21,106.875,15.0
1,2,8.55,21,-21,107.25,15.0
1,3,9.2,21,-21,117.0,15.0
1,4,8.7,21,-21,109.5,15.0
1,5,8.6,21,-21,108.0,15.0
1,6,8.625,21,-21,108.375,15.0
1,7,8.725,21,-21,109.875,15.0
1,8,8.475,21,-21,106.125,15.0
1,9,8.4,21,-21,105.0,15.0
1,10,8.925,21,-21,112.875,15.0
1,11,9.0,21,-21,114.0,15.0
1,12,8.5,21,-21,106.5,15.0
1,13,8.65,21,-21,108.75,15.0
1,14,8.825,21,-21,111.375,15.0
1,15,8.475,21,-21,106.125,15.0
1,16,8.9,21,-21,112.5,15.0
1,17,8.6,21,-21,108.0,15.0
1,18,8.9,21,-21,112.5,15.0
1,19,8.775,21,-21,110.625,15.0
1,20,8.575,21,-21,107.625,15.0
2,1,9.175,22,-22,115.625,15.0
2,2,9.925,22,-22,126.875,15.0
2,3,9.2,22,-22,116.0,15.0
2,4,9.55,22,-22,121.25,15.0
2,5,9.45,22,-22,119.75,15.0
2,6,9.8,22,-22,125.0,15.0
2,7,9.825,22,-22,125.375,15.0
2,8,9.35,22,-22,118.25,15.0
2,9,9.8,22,-22,125.0,15.0
2,10,9.7,22,-22,123.5,15.0
2,11,9.65,22,-22,122.75,15.0
2,12,9.6,22,-22,122.0,15.0
2,13,10.025,22,-22,128.375,15.0
2,14,9.825,22,-22,125.375,15.0
2,15,9.15,22,-22,115.25,15.0
2,16,9.85,22,-22,125.75,15.0
2,17,9.475,22,-22,120.125,15.0
2,18,9.625,22,-22,122.375,15.0
2,19,9.25,22,-22,116.75,15.0
2,20,9.9,22,-22,126.5,15.0
3,1,10.05,23,-23,127.75,15.0
3,2,10.025,23,-23,127.375,15.0
3,3,9.9,23,-23,125.5,15.0
3,4,10.425,23,-23,133.375,15.0
3,5,9.975,23,-23,126.625,15.0
3,6,10.3,23,-23,131.5,15.0
3,7,10.775,23,-23,138.625,15.0
3,8,10.525,23,-23,134.875,15.0
3,9,10.8,23,-23,139.0,15.0
3,10,10.225,23,-23,130.375,15.0
3,11,10.275,23,-23,131.125,15.0
3,12,10.3,23,-23,131.5,15.0
3,13,10.8,23,-23,139.0,15.0
3,14,10.0,23,-23,127.0,15.0
3,15,10.15,23,-23,129.25,15.0
3,16,9.7,23,-23,122.5,15.0
3,17,10.2,23,-23,130.0,15.0
3,18,9.975,23,-23,126.625,15.0
3,19,9.875,23,-23,125.125,15.0
3,20,10.275,23,-23,131.125,15.0
4,1,10.3,24,-24,130.5,15.0
4,2,10.35,24,-24,131.25,15.0
4,3,10.375,24,-24,131.625,15.0
4,4,10.575,24,-24,134.625,15.0
4,5,10.55,24,-24,134.25,15.0
4,6,10.275,24,-24,130.125,15.0
4,7,10.375,24,-24,131.625,15.0
4,8,10.475,24,-24,133.125,15.0
4,9,10.65,24,-24,135.75,15.0
4,10,10.65,24,-24,135.75,15.0
4,11,10.4,24,-24,132.0,15.0
4,12,10.275,24,-24,130.125,15.0
4,13,10.675,24,-24,136.125,15.0
4,14,10.525,24,-24,133.875,15.0
4,15,10.525,24,-24,133.875,15.0
4,16,10.725,24,-24,136.875,15.0
4,17,10.475,24,-24,133.125,15.0
4,18,10.3,24,-24,130.5,15.0
4,19,10.35,24,-24,131.25,15.0
4,20,10.2,24,-24,129.0,15.0
5,1,10.275,25,-25,129.125,15.0
5,2,10.675,25,-25,135.125,15.0
5,3,10.375,25,-25,130.625,15.0
5,4,10.4,25,-25,131.0,15.0
5,5,9.85,25,-25,122.75,15.0
5,6,10.65,25,-25,134.75,15.0
5,7,10.55,25,-25,133.25,15.0
5,8,10.625,25,-25,134.375,15.0
5,9,10.45,25,-25,131.75,15.0
5,10,10.55,25,-25,133.25,15.0
5,11,10.55,25,-25,133.25,15.0
5,12,10.6,25,-25,134.0,15.0
5,13,10.55,25,-25,133.25,15.0
5,14,10.5,25,-25,132.5,15.0
5,15,10.6,25,-25,134.0,15.0
5,16,10.5,25,-25,132.5,15.0
5,17,10.475,25,-25,132.125,15.0
5,18,10.1,25,-25,126.5,15.0
5,19,10.125,25,-25,126.875,15.0
5,20,10.675,25,-25,135.125,15.0
6,1,10.475,26,-26,131.125,15.0
6,2,10.8,26,-26,136.0,15.0
6,3,10.3,26,-26,128.5,15.0
6,4,10.875,26,-26,137.125,15.0
6,5,10.275,26,-26,128.125,15.0
6,6,10.575,26,-26,132.625,15.0
6,7,10.25,26,-26,127.75,15.0
6,8,10.55,26,-26,132.25,15.0
6,9,10.7,26,-26,134.5,15.0
6,10,10.625,26,-26,133.375,15.0
6,11,10.375,26,-26,129.625,15.0
6,12,10.95,26,-26,138.25,15.0
6,13,10.775,26,-26,135.625,15.0
6,14,10.4,26,-26,130.0,15.0
6,15,10.6,26,-26,133.0,15.0
6,16,10.5,26,-26,131.5,15.0
6,17,10.6,26,-26,133.0,15.0
6,18,10.225,26,-26,127.375,15.0
6,19,10.375,26,-26,129.625,15.0
6,20,10.625,26,-26,133.375,15.0
7,1,10.625,27,-27,132.375,15.0
7,2,10.675,27,-27,133.125,15.0
7,3,10.625,27,-27,132.375,15.0
7,4,10.975,27,-27,137.625,15.0
7,5,10.375,27,-27,128.625,15.0
7,6,11.125,27,-27,139.875,15.0
7,7,10.55,27,-27,131.25,15.0
7,8,10.425,27,-27,129.375,15.0
7,9,10.725,27,-27,133.875,15.0
7,10,10.325,27,-27,127.875,15.0
7,11,10.7,27,-27,133.5,15.0
7,12,10.875,27,-27,136.125,15.0
7,13,10.8,27,-27,135.0,15.0
7,14,10.65,27,-27,132.75,15.0
7,15,10.725,27,-27,133.875,15.0
7,16,10.5,27,-27,130.5,15.0
7,17,10.75,27,-27,134.25,15.0
7,18,10.375,27,-27,128.625,15.0
7,19,10.025,27,-27,123.375,15.0
7,20,10.65,27,-27,132.75,15.0
8,1,10.525,28,-28,129.875,15.0
8,2,10.3,28,-28,126.5,15.0
8,3,10.55,28,-28,130.25,15.0
8,4,10.925,28,-28,135.875,15.0
8,5,10.325,28,-28,126.875,15.0
8,6,10.65,28,-28,131.75,15.0
8,7,10.525,28,-28,129.875,15.0
8,8,10.65,28,-28,131.75,15.0
8,9,10.425,28,-28,128.375,15.0
8,10,10.6,28,-28,131.0,15.0
8,11,10.675,28,-28,132.125,15.0
8,12,10.475,28,-28,129.125,15.0
8,13,10.6,28,-28,131.0,15.0
8,14,10.925,28,-28,135.875,15.0
8,15,11.0,28,-28,137.0,15.0
8,16,10.725,28,-28,132.875,15.0
8,17,10.525,28,-28,129.875,15.0
8,18,10.375,28,-28,127.625,15.0
8,19,10.5,28,-28,129.5,15.0
8,20,10.2,28,-28,125.0,15.0
9,1,10.5,29,-29,128.5,15.0
9,2,10.65,29,-29,130.75,15.0
9,3,11.05,29,-29,136.75,15.0
9,4,10.875,29,-29,134.125,15.0
9,5,10.675,29,-29,131.125,15.0
9,6,10.75,29,-29,132.25,15.0
9,7,10.55,29,-29,129.25,15.0
9,8,10.65,29,-29,130.75,15.0
9,9,10.4,29,-29,127.0,15.0
9,10,10.65,29,-29,130.75,15.0
9,11,10.725,29,-29,131.875,15.0
9,12,11.0,29,-29,136.0,15.0
9,13,10.475,29,-29,128.125,15.0
9,14,10.375,29,-29,126.625,15.0
9,15,10.775,29,-29,132.625,15.0
9,16,10.8,29,-29,133.0,15.0
9,17,10.425,29,-29,127.375,15.0
9,18,10.425,29,-29,127.375,15.0
9,19,10.575,29,-29,129.625,15.0
9,20,10.425,29,-29,127.375,15.0
10,1,10.525,30,-30,127.875,15.0
10,2,10.7,30,-30,130.5,15.0
10,3,10.575,30,-30,128.625,15.0
10,4,10.95,30,-30,134.25,15.0
10,5,10.575,30,-30,128.625,15.0
10,6,10.925,30,-30,133.875,15.0
10,7,10.675,30,-30,130.125,15.0
10,8,10.35,30,-30,125.25,15.0
10,9,10.8,30,-30,132.0,15.0
10,10,10.525,30,-30,127.875,15.0
10,11,10.875,30,-30,133.125,15.0
10,12,10.75,30,-30,131.25,15.0
10,13,11.075,30,-30,136.125,15.0
10,14,10.875,30,-30,133.125,15.0
10,15,10.6,30,-30,129.0,15.0
10,16,10.925,30,-30,133.875,15.0
10,17,10.5,30,-30,127.5,15.0
10,18,10.275,30,-30,124.125,15.0
10,19,10.575,30,-30,128.625,15.0
10,20,10.6,30,-30,129.0,15.0
11,1,10.475,31,-31,126.125,15.0
11,2,10.575,31,-31,127.625,15.0
11,3,10.65,31,-31,128.75,15.0
11,4,10.775,31,-31,130.625,15.0
11,5,10.275,31,-31,123.125,15.0
11,6,11.05,31,-31,134.75,15.0
11,7,10.375,31,-31,124.625,15.0
11,8,10.85,31,-31,131.75,15.0
11,9,10.375,31,-31,124.625,15.0
11,10,10.7,31,-31,129.5,15.0
11,11,10.65,31,-31,128.75,15.0
11,12,10.825,31,-31,131.375,15.0
11,13,10.65,31,-31,128.75,15.0
11,14,10.825,31,-31,131.375,15.0
11,15,10.675,31,-31,129.125,15.0
11,16,11.0,31,-31,134.0,15.0
11,17,10.65,31,-31,128.75,15.0
11,18,10.6,31,-31,128.0,15.0
11,19,10.5,31,-31,126.5,15.0
11,20,10.525,31,-31,126.875,15.0
12,1,10.2,32,-32,121.0,15.0
12,2,10.875,32,-32,131.125,15.0
12,3,11.025,32,-32,133.375,15.0
12,4,10.775,32,-32,129.625,15.0
12,5,10.325,32,-32,122.875,15.0
12,6,11.05,32,-32,133.75,15.0
12,7,10.375,32,-32,123.625,15.0
12,8,11.05,32,-32,133.75,15.0
12,9,10.775,32,-32,129.625,15.0
12,10,10.85,32,-32,130.75,15.0
12,11,10.9,32,-32,131.5,15.0
12,12,10.475,32,-32,125.125,15.0
12,13,11.125,32,-32,134.875,15.0
12,14,10.775,32,-32,129.625,15.0
12,15,10.525,32,-32,125.875,15.0
12,16,10.55,32,-32,126.25,15.0
12,17,10.675,32,-32,128.125,15.0
12,18,10.675,32,-32,128.125,15.0
12,19,10.525,32,-32,125.875,15.0
12,20,10.875,32,-32,131.125,15.0
13,1,10.3,33,-33,121.5,15.0
13,2,10.85,33,-33,129.75,15.0
13,3,10.75,33,-33,128.25,15.0
13,4,10.8,33,-33,129.0,15.0
13,5,10.425,33,-33,123.375,15.0
13,6,10.85,33,-33,129.75,15.0
13,7,10.65,33,-33,126.75,15.0
13,8,10.475,33,-33,124.125,15.0
13,9,10.525,33,-33,124.875,15.0
13,10,10.7,33,-33,127.5,15.0
13,11,10.85,33,-33,129.75,15.0
13,12,10.675,33,-33,127.125,15.0
13,13,10.925,33,-33,130.875,15.0
13,14,10.75,33,-33,128.25,15.0
13,15,10.675,33,-33,127.125,15.0
13,16,10.975,33,-33,131.625,15.0
13,17,10.95,33,-33,131.25,15.0
13,18,10.8,33,-33,129.0,15.0
13,19,10.575,33,-33,125.625,15.0
13,20,10.7,33,-33,127.5,15.0
14,1,10.575,34,-34,124.625,15.0
14,2,10.85,34,-34,128.75,15.0
14,3,10.55,34,-34,124.25,15.0
14,4,10.9,34,-34,129.5,15.0
14,5,10.675,34,-34,126.125,15.0
14,6,10.725,34,-34,126.875,15.0
14,7,10.725,34,-34,126.875,15.0
14,8,10.725,34,-34,126.875,15.0
14,9,10.55,34,-34,124.25,15.0
14,10,10.625,34,-34,125.375,15.0
14,11,10.925,34,-34,129.875,15.0
14,12,10.8,34,-34,128.0,15.0
14,13,11.025,34,-34,131.375,15.0
14,14,10.725,34,-34,126.875,15.0
14,15,10.55,34,-34,124.25,15.0
14,16,10.9,34,-34,129.5,15.0
14,17,10.725,34,-34,126.875,15.0
14,18,10.85,34,-34,128.75,15.0
14,19,10.6,34,-34,125.0,15.0
14,20,10.65,34,-34,125.75,15.0
15,1,10.75,35,-35,126.25,15.0
15,2,10.825,35,-35,127.375,15.0
15,3,11.05,35,-35,130.75,15.0
15,4,10.85,35,-35,127.75,15.0
15,5,10.5,35,-35,122.5,15.0
15,6,10.65,35,-35,124.75,15.0
15,7,10.8,35,-35,127.0,15.0
15,8,10.7,35,-35,125.5,15.0
15,9,10.525,35,-35,122.875,15.0
15,10,10.675,35,-35,125.125,15.0
15,11,10.85,35,-35,127.75,15.0
15,12,10.7,35,-35,125.5,15.0
15,13,10.875,35,-35,128.125,15.0
15,14,10.8,35,-35,127.0,15.0
15,15,10.775,35,-35,126.625,15.0
15,16,10.75,35,-35,126.25,15.0
15,17,10.425,35,-35,121.375,15.0
15,18,10.675,35,-35,125.125,15.0
15,19,10.575,35,-35,123.625,15.0
15,20,10.9,35,-35,128.5,15.0
16,1,10.425,36,-36,120.375,15.0
16,2,10.775,36,-36,125.625,15.0
16,3,10.8,36,-36,126.0,15.0
16,4,10.875,36,-36,127.125,15.0
16,5,10.375,36,-36,119.625,15.0
16,6,10.7,36,-36,124.5,15.0
16,7,10.875,36,-36,127.125,15.0
16,8,10.8,36,-36,126.0,15.0
16,9,10.65,36,-36,123.75,15.0
16,10,10.675,36,-36,124.125,15.0
16,11,10.925,36,-36,127.875,15.0
16,12,10.8,36,-36,126.0,15.0
16,13,10.7,36,-36,124.5,15.0
16,14,10.8,36,-36,126.0,15.0
16,15,10.3,36,-36,118.5,15.0
16,16,10.85,36,-36,126.75,15.0
16,17,10.825,36,-36,126.375,15.0
16,18,10.575,36,-36,122.625,15.0
16,19,10.65,36,-36,123.75,15.0
16,20,10.575,36,-36,122.625,15.0
17,1,10.2,37,-37,116.0,15.0
17,2,10.6,37,-37,122.0,15.0
17,3,10.75,37,-37,124.25,15.0
17,4,10.925,37,-37,126.875,15.0
17,5,10.3,37,-37,117.5,15.0
17,6,10.85,37,-37,125.75,15.0
17,7,10.7,37,-37,123.5,15.0
17,8,10.55,37,-37,121.25,15.0
17,9,10.65,37,-37,122.75,15.0
17,10,10.675,37,-37,123.125,15.0
17,11,10.925,37,-37,126.875,15.0
17,12,10.6,37,-37,122.0,15.0
17,13,10.7,37,-37,123.5,15.0
17,14,10.65,37,-37,122.75,15.0
17,15,10.65,37,-37,122.75,15.0
17,16,10.85,37,-37,125.75,15.0
17,17,10.875,37,-37,126.125,15.0
17,18,10.575,37,-37,121.625,15.0
17,19,10.55,37,-37,121.25,15.0
17,20,10.65,37,-37,122.75,15.0
18,1,10.625,38,-38,121.375,15.0
18,2,10.675,38,-38,122.125,15.0
18,3,11.0,38,-38,127.0,15.0
18,4,10.725,38,-38,122.875,15.0
18,5,10.6,38,-38,121.0,15.0
18,6,10.85,38,-38,124.75,15.0
18,7,10.775,38,-38,123.625,15.0
18,8,10.65,38,-38,121.75,15.0
18,9,10.525,38,-38,119.875,15.0
18,10,10.65,38,-38,121.75,15.0
18,11,10.925,38,-38,125.875,15.0
18,12,10.725,38,-38,122.875,15.0
18,13,10.7,38,-38,122.5,15.0
18,14,10.75,38,-38,123.25,15.0
18,15,10.35,38,-38,117.25,15.0
18,16,10.875,38,-38,125.125,15.0
18,17,10.9,38,-38,125.5,15.0
18,18,10.675,38,-38,122.125,15.0
18,19,10.7,38,-38,122.5,15.0
18,20,10.675,38,-38,122.125,15.0
19,1,10.2,39,-39,114.0,15.0
19,2,10.8,39,-39,123.0,15.0
19,3,10.9,39,-39,124.5,15.0
19,4,10.875,39,-39,124.125,15.0
19,5,10.45,39,-39,117.75,15.0
19,6,10.85,39,-39,123.75,15.0
19,7,10.825,39,-39,123.375,15.0
19,8,10.675,39,-39,121.125,15.0
19,9,10.7,39,-39,121.5,15.0
19,10,10.7,39,-39,121.5,15.0
19,11,10.925,39,-39,124.875,15.0
19,12,10.65,39,-39,120.75,15.0
19,13,10.625,39,-39,120.375,15.0
19,14,10.85,39,-39,123.75,15.0
19,15,10.925,39,-39,124.875,15.0
19,16,10.85,39,-39,123.75,15.0
19,17,10.95,39,-39,125.25,15.0
19,18,10.525,39,-39,118.875,15.0
19,19,10.675,39,-39,121.125,15.0
19,20,10.65,39,-39,120.75,15.0
20,1,10.4,40,-40,116.0,15.0
20,2,10.8,40,-40,122.0,15.0
20,3,10.875,40,-40,123.125,15.0
20,4,10.875,40,-40,123.125,15.0
20,5,10.425,40,-40,116.375,15.0
20,6,10.85,40,-40,122.75,15.0
20,7,10.675,40,-40,120.125,15.0
20,8,10.525,40,-40,117.875,15.0
20,9,10.45,40,-40,116.75,15.0
20,10,10.65,40,-40,119.75,15.0
20,11,10.925,40,-40,123.875,15.0
20,12,10.7,40,-40,120.5,15.0
20,13,10.7,40,-40,120.5,15.0
20,14,10.625,40,-40,119.375,15.0
20,15,11.025,40,-40,125.375,15.0
20,16,10.85,40,-40,122.75,15.0
20,17,10.925,40,-40,123.875,15.0
20,18,10.525,40,-40,117.875,15.0
20,19,10.75,40,-40,121.25,15.0
20,20,10.725,40,-40,120.875,15.0
1,1,8.525,21,-21,149.5,20.0
1,2,8.55,21,-21,150.0,20.0
1,3,9.2,21,-21,163.0,20.0
1,4,8.7,21,-21,153.0,20.0
1,5,8.6,21,-21,151.0,20.0
1,6,8.625,21,-21,151.5,20.0
1,7,8.725,21,-21,153.5,20.0
1,8,8.475,21,-21,148.5,20.0
1,9,8.4,21,-21,147.0,20.0
1,10,8.925,21,-21,157.5,20.0
1,11,9.0,21,-21,159.0,20.0
1,12,8.5,21,-21,149.0,20.0
1,13,8.65,21,-21,152.0,20.0
1,14,8.825,21,-21,155.5,20.0
1,15,8.475,21,-21,148.5,20.0
1,16,8.9,21,-21,157.0,20.0
1,17,8.6,21,-21,151.0,20.0
1,18,8.9,21,-21,157.0,20.0
1,19,8.775,21,-21,154.5,20.0
1,20,8.575,21,-21,150.5,20.0
2,1,9.175,22,-22,161.5,20.0
2,2,9.925,22,-22,176.5,20.0
2,3,9.2,22,-22,162.0,20.0
2,4,9.55,22,-22,169.0,20.0
2,5,9.45,22,-22,167.0,20.0
2,6,9.8,22,-22,174.0,20.0
2,7,9.825,22,-22,174.5,20.0
2,8,9.35,22,-22,165.0,20.0
2,9,9.8,22,-22,174.0,20.0
2,10,9.7,22,-22,172.0,20.0
2,11,9.65,22,-22,171.0,20.0
2,12,9.6,22,-22,170.0,20.0
2,13,10.025,22,-22,178.5,20.0
2,14,9.825,22,-22,174.5,20.0
2,15,9.15,22,-22,161.0,20.0
2,16,9.85,22,-22,175.0,20.0
2,17,9.475,22,-22,167.5,20.0
2,18,9.625,22,-22,170.5,20.0
2,19,9.25,22,-22,163.0,20.0
2,20,9.9,22,-22,176.0,20.0
3,1,10.05,23,-23,178.0,20.0
3,2,10.025,23,-23,177.5,20.0
3,3,9.9,23,-23,175.0,20.0
3,4,10.425,23,-23,185.5,20.0
3,5,9.975,23,-23,176.5,20.0
3,6,10.3,23,-23,183.0,20.0
3,7,10.775,23,-23,192.5,20.0
3,8,10.525,23,-23,187.5,20.0
3,9,10.8,23,-23,193.0,20.0
3,10,10.225,23,-23,181.5,20.0
3,11,10.275,23,-23,182.5,20.0
3,12,10.3,23,-23,183.0,20.0
3,13,10.8,23,-23,193.0,20.0
3,14,10.0,23,-23,177.0,20.0
3,15,10.15,23,-23,180.0,20.0
3,16,9.7,23,-23,171.0,20.0
3,17,10.2,23,-23,181.0,20.0
3,18,9.975,23,-23,176.5,20.0
3,19,9.875,23,-23,174.5,20.0
3,20,10.275,23,-23,182.5,20.0
4,1,10.3,24,-24,182.0,20.0
4,2,10.35,24,-24,183.0,20.0
4,3,10.375,24,-24,183.5,20.0
4,4,10.575,24,-24,187.5,20.0
4,5,10.55,24,-24,187.0,20.0
4,6,10.275,24,-24,181.5,20.0
4,7,10.375,24,-24,183.5,20.0
4,8,10.475,24,-24,185.5,20.0
4,9,10.65,24,-24,189.0,20.0
4,10,10.65,24,-24,189.0,20.0
4,11,10.4,24,-24,184.0,20.0
4,12,10.275,24,-24,181.5,20.0
4,13,10.675,24,-24,189.5,20.0
4,14,10.525,24,-24,186.5,20.0
4,15,10.525,24,-24,186.5,20.0
4,16,10.725,24,-24,190.5,20.0
4,17,10.475,24,-24,185.5,20.0
4,18,10.3,24,-24,182.0,20.0
4,19,10.35,24,-24,183.0,20.0
4,20,10.2,24,-24,180.0,20.0
5,1,10.275,25,-25,180.5,20.0
5,2,10.675,25,-25,188.5,20.0
5,3,10.375,25,-25,182.5,20.0
5,4,10.4,25,-25,183.0,20.0
5,5,9.85,25,-25,172.0,20.0
5,6,10.65,25,-25,188.0,20.0
5,7,10.55,25,-25,186.0,20.0
5,8,10.625,25,-25,187.5,20.0
5,9,10.45,25,-25,184.0,20.0
5,10,10.55,25,-25,186.0,20.0
5,11,10.55,25,-25,186.0,20.0
5,12,10.6,25,-25,187.0,20.0
5,13,10.55,25,-25,186.0,20.0
5,14,10.5,25,-25,185.0,20.0
5,15,10.6,25,-25,187.0,20.0
5,16,10.5,25,-25,185.0,20.0
5,17,10.475,25,-25,184.5,20.0
5,18,10.1,25,-25,177.0,20.0
5,19,10.125,25,-25,177.5,20.0
5,20,10.675,25,-25,188.5,20.0
6,1,10.475,26,-26,183.5,20.0
6,2,10.8,26,-26,190.0,20.0
6,3,10.3,26,-26,180.0,20.0
6,4,10.875,26,-26,191.5,20.0
6,5,10.275,26,-26,179.5,20.0
6,6,10.575,26,-26,185.5,20.0
6,7,10.25,26,-26,179.0,20.0
6,8,10.55,26,-26,185.0,20.0
6,9,10.7,26,-26,188.0,20.0
6,10,10.625,26,-26,186.5,20.0
6,11,10.375,26,-26,181.5,20.0
6,12,10.95,26,-26,193.0,20.0
6,13,10.775,26,-26,189.5,20.0
6,14,10.4,26,-26,182.0,20.0
6,15,10.6,26,-26,186.0,20.0
6,16,10.5,26,-26,184.0,20.0
6,17,10.6,26,-26,186.0,20.0
6,18,10.225,26,-26,178.5,20.0
6,19,10.375,26,-26,181.5,20.0
6,20,10.625,26,-26,186.5,20.0
7,1,10.625,27,-27,185.5,20.0
7,2,10.675,27,-27,186.5,20.0
7,3,10.625,27,-27,185.5,20.0
7,4,10.975,27,-27,192.5,20.0
7,5,10.375,27,-27,180.5,20.0
7,6,11.125,27,-27,195.5,20.0
7,7,10.55,27,-27,184.0,20.0
7,8,10.425,27,-27,181.5,20.0
7,9,10.725,27,-27,187.5,20.0
7,10,10.325,27,-27,179.5,20.0
7,11,10.7,27,-27,187.0,20.0
7,12,10.875,27,-27,190.5,20.0
7,13,10.8,27,-27,189.0,20.0
7,14,10.65,27,-27,186.0,20.0
7,15,10.725,27,-27,187.5,20.0
7,16,10.5,27,-27,183.0,20.0
7,17,10.75,27,-27,188.0,20.0
7,18,10.375,27,-27,180.5,20.0
7,19,10.025,27,-27,173.5,20.0
7,20,10.65,27,-27,186.0,20.0
8,1,10.525,28,-28,182.5,20.0
8,2,10.3,28,-28,178.0,20.0
8,3,10.55,28,-28,183.0,20.0
8,4,10.925,28,-28,190.5,20.0
8,5,10.325,28,-28,178.5,20.0
8,6,10.65,28,-28,185.0,20.0
8,7,10.525,28,-28,182.5,20.0
8,8,10.65,28,-28,185.0,20.0
8,9,10.425,28,-28,180.5,20.0
8,10,10.6,28,-28,184.0,20.0
8,11,10.675,28,-28,185.5,20.0
8,12,10.475,28,-28,181.5,20.0
8,13,10.6,28,-28,184.0,20.0
8,14,10.925,28,-28,190.5,20.0
8,15,11.0,28,-28,192.0,20.0
8,16,10.725,28,-28,186.5,20.0
8,17,10.525,28,-28,182.5,20.0
8,18,10.375,28,-28,179.5,20.0
8,19,10.5,28,-28,182.0,20.0
8,20,10.2,28,-28,176.0,20.0
9,1,10.5,29,-29,181.0,20.0
9,2,10.65,29,-29,184.0,20.0
9,3,11.05,29,-29,192.0,20.0
9,4,10.875,29,-29,188.5,20.0
9,5,10.675,29,-29,184.5,20.0
9,6,10.75,29,-29,186.0,20.0
9,7,10.55,29,-29,182.0,20.0
9,8,10.65,29,-29,184.0,20.0
9,9,10.4,29,-29,179.0,20.0
9,10,10.65,29,-29,184.0,20.0
9,11,10.725,29,-29,185.5,20.0
9,12,11.0,29,-29,191.0,20.0
9,13,10.475,29,-29,180.5,20.0
9,14,10.375,29,-29,178.5,20.0
9,15,10.775,29,-29,186.5,20.0
9,16,10.8,29,-29,187.0,20.0
9,17,10.425,29,-29,179.5,20.0
9,18,10.425,29,-29,179.5,20.0
9,19,10.575,29,-29,182.5,20.0
9,20,10.425,29,-29,179.5,20.0
10,1,10.525,30,-30,180.5,20.0
10,2,10.7,30,-30,184.0,20.0
10,3,10.575,30,-30,181.5,20.0
10,4,10.95,30,-30,189.0,20.0
10,5,10.575,30,-30,181.5,20.0
10,6,10.925,30,-30,188.5,20.0
10,7,10.675,30,-30,183.5,20.0
10,8,10.35,30,-30,177.0,20.0
10,9,10.8,30,-30,186.0,20.0
10,10,10.525,30,-30,180.5,20.0
10,11,10.875,30,-30,187.5,20.0
10,12,10.75,30,-30,185.0,20.0
10,13,11.075,30,-30,191.5,20.0
10,14,10.875,30,-30,187.5,20.0
10,15,10.6,30,-30,182.0,20.0
10,16,10.925,30,-30,188.5,20.0
10,17,10.5,30,-30,180.0,20.0
10,18,10.275,30,-30,175.5,20.0
10,19,10.575,30,-30,181.5,20.0
10,20,10.6,30,-30,182.0,20.0
11,1,10.475,31,-31,178.5,20.0
11,2,10.575,31,-31,180.5,20.0
11,3,10.65,31,-31,182.0,20.0
11,4,10.775,31,-31,184.5,20.0
11,5,10.275,31,-31,174.5,20.0
11,6,11.05,31,-31,190.0,20.0
11,7,10.375,31,-31,176.5,20.0
11,8,10.85,31,-31,186.0,20.0
11,9,10.375,31,-31,176.5,20.0
11,10,10.7,31,-31,183.0,20.0
11,11,10.65,31,-31,182.0,20.0
11,12,10.825,31,-31,185.5,20.0
11,13,10.65,31,-31,182.0,20.0
11,14,10.825,31,-31,185.5,20.0
11,15,10.675,31,-31,182.5,20.0
11,16,11.0,31,-31,189.0,20.0
11,17,10.65,31,-31,182.0,20.0
11,18,10.6,31,-31,181.0,20.0
11,19,10.5,31,-31,179.0,20.0
11,20,10.525,31,-31,179.5,20.0
12,1,10.2,32,-32,172.0,20.0
12,2,10.875,32,-32,185.5,20.0
12,3,11.025,32,-32,188.5,20.0
12,4,10.775,32,-32,183.5,20.0
12,5,10.325,32,-32,174.5,20.0
12,6,11.05,32,-32,189.0,20.0
12,7,10.375,32,-32,175.5,20.0
12,8,11.05,32,-32,189.0,20.0
12,9,10.775,32,-32,183.5,20.0
12,10,10.85,32,-32,185.0,20.0
12,11,10.9,32,-32,186.0,20.0
12,12,10.475,32,-32,177.5,20.0
12,13,11.125,32,-32,190.5,20.0
12,14,10.775,32,-32,183.5,20.0
12,15,10.525,32,-32,178.5,20.0
12,16,10.55,32,-32,179.0,20.0
12,17,10.675,32,-32,181.5,20.0
12,18,10.675,32,-32,181.5,20.0
12,19,10.525,32,-32,178.5,20.0
12,20,10.875,32,-32,185.5,20.0
13,1,10.3,33,-33,173.0,20.0
13,2,10.85,33,-33,184.0,20.0
13,3,10.75,33,-33,182.0,20.0
13,4,10.8,33,-33,183.0,20.0
13,5,10.425,33,-33,175.5,20.0
13,6,10.85,33,-33,184.0,20.0
13,7,10.65,33,-33,180.0,20.0
13,8,10.475,33,-33,176.5,20.0
13,9,10.525,33,-33,177.5,20.0
13,10,10.7,33,-33,181.0,20.0
13,11,10.85,33,-33,184.0,20.0
13,12,10.675,33,-33,180.5,20.0
13,13,10.925,33,-33,185.5,20.0
13,14,10.75,33,-33,182.0,20.0
13,15,10.675,33,-33,180.5,20.0
13,16,10.975,33,-33,186.5,20.0
13,17,10.95,33,-33,186.0,20.0
13,18,10.8,33,-33,183.0,20.0
13,19,10.575,33,-33,178.5,20.0
13,20,10.7,33,-33,181.0,20.0
14,1,10.575,34,-34,177.5,20.0
14,2,10.85,34,-34,183.0,20.0
14,3,10.55,34,-34,177.0,20.0
14,4,10.9,34,-34,184.0,20.0
14,5,10.675,34,-34,179.5,20.0
14,6,10.725,34,-34,180.5,20.0
14,7,10.725,34,-34,180.5,20.0
14,8,10.725,34,-34,180.5,20.0
14,9,10.55,34,-34,177.0,20.0
14,10,10.625,34,-34,178.5,20.0
14,11,10.925,34,-34,184.5,20.0
14,12,10.8,34,-34,182.0,20.0
14,13,11.025,34,-34,186.5,20.0
14,14,10.725,34,-34,180.5,20.0
14,15,10.55,34,-34,177.0,20.0
14,16,10.9,34,-34,184.0,20.0
14,17,10.725,34,-34,180.5,20.0
14,18,10.85,34,-34,183.0,20.0
14,19,10.6,34,-34,178.0,20.0
14,20,10.65,34,-34,179.0,20.0
15,1,10.75,35,-35,180.0,20.0
15,2,10.825,35,-35,181.5,20.0
15,3,11.05,35,-35,186.0,20.0
15,4,10.85,35,-35,182.0,20.0
15,5,10.5,35,-35,175.0,20.0
15,6,10.65,35,-35,178.0,20.0
15,7,10.8,35,-35,181.0,20.0
15,8,10.7,35,-35,179.0,20.0
15,9,10.525,35,-35,175.5,20.0
15,10,10.675,35,-35,178.5,20.0
15,11,10.85,35,-35,182.0,20.0
15,12,10.7,35,-35,179.0,20.0
15,13,10.875,35,-35,182.5,20.0
15,14,10.8,35,-35,181.0,20.0
15,15,10.775,35,-35,180.5,20.0
15,16,10.75,35,-35,180.0,20.0
15,17,10.425,35,-35,173.5,20.0
15,18,10.675,35,-35,178.5,20.0
15,19,10.575,35,-35,176.5,20.0
15,20,10.9,35,-35,183.0,20.0
16,1,10.425,36,-36,172.5,20.0
16,2,10.775,36,-36,179.5,20.0
16,3,10.8,36,-36,180.0,20.0
16,4,10.875,36,-36,181.5,20.0
16,5,10.375,36,-36,171.5,20.0
16,6,10.7,36,-36,178.0,20.0
16,7,10.875,36,-36,181.5,20.0
16,8,10.8,36,-36,180.0,20.0
16,9,10.65,36,-36,177.0,20.0
16,10,10.675,36,-36,177.5,20.0
16,11,10.925,36,-36,182.5,20.0
16,12,10.8,36,-36,180.0,20.0
16,13,10.7,36,-36,178.0,20.0
16,14,10.8,36,-36,180.0,20.0
16,15,10.3,36,-36,170.0,20.0
16,16,10.85,36,-36,181.0,20.0
16,17,10.825,36,-36,180.5,20.0
16,18,10.575,36,-36,175.5,20.0
16,19,10.65,36,-36,177.0,20.0
16,20,10.575,36,-36,175.5,20.0
17,1,10.2,37,-37,167.0,20.0
17,2,10.6,37,-37,175.0,20.0
17,3,10.75,37,-37,178.0,20.0
17,4,10.925,37,-37,181.5,20.0
17,5,10.3,37,-37,169.0,20.0
17,6,10.85,37,-37,180.0,20.0
17,7,10.7,37,-37,177.0,20.0
17,8,10.55,37,-37,174.0,20.0
17,9,10.65,37,-37,176.0,20.0
17,10,10.675,37,-37,176.5,20.0
17,11,10.925,37,-37,181.5,20.0
17,12,10.6,37,-37,175.0,20.0
17,13,10.7,37,-37,177.0,20.0
17,14,10.65,37,-37,176.0,20.0
17,15,10.65,37,-37,176.0,20.0
17,16,10.85,37,-37,180.0,20.0
17,17,10.875,37,-37,180.5,20.0
17,18,10.575,37,-37,174.5,20.0
17,19,10.55,37,-37,174.0,20.0
17,20,10.65,37,-37,176.0,20.0
18,1,10.625,38,-38,174.5,20.0
18,2,10.675,38,-38,175.5,20.0
18,3,11.0,38,-38,182.0,20.0
18,4,10.725,38,-38,176.5,20.0
18,5,10.6,38,-38,174.0,20.0
18,6,10.85,38,-38,179.0,20.0
18,7,10.775,38,-38,177.5,20.0
18,8,10.65,38,-38,175.0,20.0
18,9,10.525,38,-38,172.5,20.0
18,10,10.65,38,-38,175.0,20.0
18,11,10.925,38,-38,180.5,20.0
18,12,10.725,38,-38,176.5,20.0
18,13,10.7,38,-38,176.0,20.0
18,14,10.75,38,-38,177.0,20.0
18,15,10.35,38,-38,169.0,20.0
18,16,10.875,38,-38,179.5,20.0
18,17,10.9,38,-38,180.0,20.0
18,18,10.675,38,-38,175.5,20.0
18,19,10.7,38,-38,176.0,20.0
18,20,10.675,38,-38,175.5,20.0
19,1,10.2,39,-39,165.0,20.0
19,2,10.8,39,-39,177.0,20.0
19,3,10.9,39,-39,179.0,20.0
19,4,10.875,39,-39,178.5,20.0
19,5,10.45,39,-39,170.0,20.0
19,6,10.85,39,-39,178.0,20.0
19,7,10.825,39,-39,177.5,20.0
19,8,10.675,39,-39,174.5,20.0
19,9,10.7,39,-39,175.0,20.0
19,10,10.7,39,-39,175.0,20.0
19,11,10.925,39,-39,179.5,20.0
19,12,10.65,39,-39,174.0,20.0
19,13,10.625,39,-39,173.5,20.0
19,14,10.85,39,-39,178.0,20.0
19,15,10.925,39,-39,179.5,20.0
19,16,10.85,39,-39,178.0,20.0
19,17,10.95,39,-39,180.0,20.0
19,18,10.525,39,-39,171.5,20.0
19,19,10.675,39,-39,174.5,20.0
19,20,10.65,39,-39,174.0,20.0
20,1,10.4,40,-40,168.0,20.0
20,2,10.8,40,-40,176.0,20.0
20,3,10.875,40,-40,177.5,20.0
20,4,10.875,40,-40,177.5,20.0
20,5,10.425,40,-40,168.5,20.0
20,6,10.85,40,-40,177.0,20.0
20,7,10.675,40,-40,173.5,20.0
20,8,10.525,40,-40,170.5,20.0
20,9,10.45,40,-40,169.0,20.0
20,10,10.65,40,-40,173.0,20.0
20,11,10.925,40,-40,178.5,20.0
20,12,10.7,40,-40,174.0,20.0
20,13,10.7,40,-40,174.0,20.0
20,14,10.625,40,-40,172.5,20.0
20,15,11.025,40,-40,180.5,20.0
20,16,10.85,40,-40,177.0,20.0
20,17,10.925,40,-40,178.5,20.0
20,18,10.525,40,-40,170.5,20.0
20,19,10.75,40,-40,175.0,20.0
20,20,10.725,40,-40,174.5,20.0
