Tuned_Buffer,Capacity,Simulation_run,Buffer1,Buffer2,Buffer3,Buffer4,Buffer5,Throughput
1,1,1,1,5,5,5,5,11.475
1,1,2,1,5,5,5,5,11.25
1,1,3,1,5,5,5,5,11.575
1,1,4,1,5,5,5,5,11.4
1,1,5,1,5,5,5,5,11.275
1,1,6,1,5,5,5,5,11.425
1,1,7,1,5,5,5,5,11.45
1,1,8,1,5,5,5,5,11.375
1,1,9,1,5,5,5,5,11.2
1,1,10,1,5,5,5,5,11.475
1,2,1,2,5,5,5,5,11.6
1,2,2,2,5,5,5,5,11.25
1,2,3,2,5,5,5,5,11.475
1,2,4,2,5,5,5,5,11.475
1,2,5,2,5,5,5,5,11.475
1,2,6,2,5,5,5,5,11.6
1,2,7,2,5,5,5,5,11.25
1,2,8,2,5,5,5,5,11.475
1,2,9,2,5,5,5,5,11.325
1,2,10,2,5,5,5,5,11.625
1,3,1,3,5,5,5,5,11.475
1,3,2,3,5,5,5,5,11.325
1,3,3,3,5,5,5,5,11.125
1,3,4,3,5,5,5,5,11.375
1,3,5,3,5,5,5,5,11.325
1,3,6,3,5,5,5,5,11.0
1,3,7,3,5,5,5,5,11.425
1,3,8,3,5,5,5,5,10.9
1,3,9,3,5,5,5,5,11.425
1,3,10,3,5,5,5,5,11.35
1,4,1,4,5,5,5,5,11.625
1,4,2,4,5,5,5,5,11.3
1,4,3,4,5,5,5,5,11.4
1,4,4,4,5,5,5,5,11.425
1,4,5,4,5,5,5,5,11.375
1,4,6,4,5,5,5,5,11.55
1,4,7,4,5,5,5,5,11.15
1,4,8,4,5,5,5,5,11.625
1,4,9,4,5,5,5,5,11.425
1,4,10,4,5,5,5,5,11.35
1,5,1,5,5,5,5,5,11.15
1,5,2,5,5,5,5,5,11.475
1,5,3,5,5,5,5,5,11.3
1,5,4,5,5,5,5,5,11.225
1,5,5,5,5,5,5,5,11.45
1,5,6,5,5,5,5,5,11.4
1,5,7,5,5,5,5,5,11.15
1,5,8,5,5,5,5,5,11.05
1,5,9,5,5,5,5,5,11.5
1,5,10,5,5,5,5,5,11.25
1,6,1,6,5,5,5,5,11.575
1,6,2,6,5,5,5,5,11.65
1,6,3,6,5,5,5,5,11.25
1,6,4,6,5,5,5,5,11.425
1,6,5,6,5,5,5,5,11.025
1,6,6,6,5,5,5,5,11.4
1,6,7,6,5,5,5,5,11.35
1,6,8,6,5,5,5,5,11.175
1,6,9,6,5,5,5,5,11.275
1,6,10,6,5,5,5,5,11.35
1,7,1,7,5,5,5,5,11.4
1,7,2,7,5,5,5,5,11.35
1,7,3,7,5,5,5,5,11.6
1,7,4,7,5,5,5,5,11.025
1,7,5,7,5,5,5,5,11.075
1,7,6,7,5,5,5,5,11.425
1,7,7,7,5,5,5,5,11.1
1,7,8,7,5,5,5,5,11.225
1,7,9,7,5,5,5,5,11.175
1,7,10,7,5,5,5,5,11.625
1,8,1,8,5,5,5,5,11.1
1,8,2,8,5,5,5,5,11.125
1,8,3,8,5,5,5,5,11.45
1,8,4,8,5,5,5,5,11.15
1,8,5,8,5,5,5,5,11.25
1,8,6,8,5,5,5,5,11.475
1,8,7,8,5,5,5,5,11.375
1,8,8,8,5,5,5,5,11.225
1,8,9,8,5,5,5,5,11.5
1,8,10,8,5,5,5,5,11.55
1,9,1,9,5,5,5,5,11.475
1,9,2,9,5,5,5,5,11.525
1,9,3,9,5,5,5,5,11.375
1,9,4,9,5,5,5,5,11.475
1,9,5,9,5,5,5,5,11.425
1,9,6,9,5,5,5,5,11.3
1,9,7,9,5,5,5,5,11.575
1,9,8,9,5,5,5,5,11.275
1,9,9,9,5,5,5,5,11.2
1,9,10,9,5,5,5,5,11.175
1,10,1,10,5,5,5,5,11.3
1,10,2,10,5,5,5,5,11.25
1,10,3,10,5,5,5,5,11.225
1,10,4,10,5,5,5,5,11.225
1,10,5,10,5,5,5,5,11.475
1,10,6,10,5,5,5,5,11.15
1,10,7,10,5,5,5,5,11.375
1,10,8,10,5,5,5,5,11.4
1,10,9,10,5,5,5,5,11.2
1,10,10,10,5,5,5,5,11.275
1,11,1,11,5,5,5,5,11.375
1,11,2,11,5,5,5,5,11.2
1,11,3,11,5,5,5,5,11.3
1,11,4,11,5,5,5,5,11.225
1,11,5,11,5,5,5,5,11.375
1,11,6,11,5,5,5,5,11.25
1,11,7,11,5,5,5,5,11.475
1,11,8,11,5,5,5,5,11.375
1,11,9,11,5,5,5,5,11.125
1,11,10,11,5,5,5,5,11.175
1,12,1,12,5,5,5,5,11.425
1,12,2,12,5,5,5,5,11.325
1,12,3,12,5,5,5,5,11.275
1,12,4,12,5,5,5,5,11.175
1,12,5,12,5,5,5,5,11.4
1,12,6,12,5,5,5,5,11.375
1,12,7,12,5,5,5,5,11.425
1,12,8,12,5,5,5,5,11.425
1,12,9,12,5,5,5,5,11.575
1,12,10,12,5,5,5,5,11.55
1,13,1,13,5,5,5,5,11.45
1,13,2,13,5,5,5,5,11.3
1,13,3,13,5,5,5,5,11.525
1,13,4,13,5,5,5,5,11.425
1,13,5,13,5,5,5,5,11.5
1,13,6,13,5,5,5,5,11.2
1,13,7,13,5,5,5,5,11.2
1,13,8,13,5,5,5,5,11.475
1,13,9,13,5,5,5,5,11.525
1,13,10,13,5,5,5,5,11.45
1,14,1,14,5,5,5,5,11.65
1,14,2,14,5,5,5,5,11.55
1,14,3,14,5,5,5,5,11.375
1,14,4,14,5,5,5,5,11.475
1,14,5,14,5,5,5,5,11.25
1,14,6,14,5,5,5,5,11.425
1,14,7,14,5,5,5,5,11.0
1,14,8,14,5,5,5,5,11.075
1,14,9,14,5,5,5,5,11.1
1,14,10,14,5,5,5,5,11.175
1,15,1,15,5,5,5,5,11.375
1,15,2,15,5,5,5,5,11.55
1,15,3,15,5,5,5,5,11.225
1,15,4,15,5,5,5,5,11.325
1,15,5,15,5,5,5,5,11.225
1,15,6,15,5,5,5,5,11.225
1,15,7,15,5,5,5,5,11.35
1,15,8,15,5,5,5,5,11.575
1,15,9,15,5,5,5,5,11.375
1,15,10,15,5,5,5,5,11.125
1,16,1,16,5,5,5,5,11.275
1,16,2,16,5,5,5,5,11.5
1,16,3,16,5,5,5,5,11.175
1,16,4,16,5,5,5,5,11.6
1,16,5,16,5,5,5,5,11.4
1,16,6,16,5,5,5,5,11.4
1,16,7,16,5,5,5,5,11.15
1,16,8,16,5,5,5,5,11.35
1,16,9,16,5,5,5,5,11.3
1,16,10,16,5,5,5,5,11.15
1,17,1,17,5,5,5,5,11.4
1,17,2,17,5,5,5,5,11.2
1,17,3,17,5,5,5,5,11.075
1,17,4,17,5,5,5,5,11.25
1,17,5,17,5,5,5,5,11.525
1,17,6,17,5,5,5,5,11.325
1,17,7,17,5,5,5,5,11.125
1,17,8,17,5,5,5,5,11.35
1,17,9,17,5,5,5,5,11.2
1,17,10,17,5,5,5,5,11.25
1,18,1,18,5,5,5,5,11.3
1,18,2,18,5,5,5,5,11.05
1,18,3,18,5,5,5,5,11.25
1,18,4,18,5,5,5,5,11.35
1,18,5,18,5,5,5,5,10.875
1,18,6,18,5,5,5,5,11.375
1,18,7,18,5,5,5,5,11.4
1,18,8,18,5,5,5,5,11.175
1,18,9,18,5,5,5,5,11.325
1,18,10,18,5,5,5,5,11.3
1,19,1,19,5,5,5,5,11.5
1,19,2,19,5,5,5,5,11.025
1,19,3,19,5,5,5,5,11.35
1,19,4,19,5,5,5,5,11.6
1,19,5,19,5,5,5,5,11.075
1,19,6,19,5,5,5,5,11.125
1,19,7,19,5,5,5,5,11.375
1,19,8,19,5,5,5,5,11.6
1,19,9,19,5,5,5,5,11.5
1,19,10,19,5,5,5,5,11.225
1,20,1,20,5,5,5,5,11.125
1,20,2,20,5,5,5,5,11.0
1,20,3,20,5,5,5,5,11.25
1,20,4,20,5,5,5,5,11.375
1,20,5,20,5,5,5,5,11.4
1,20,6,20,5,5,5,5,11.35
1,20,7,20,5,5,5,5,11.45
1,20,8,20,5,5,5,5,11.325
1,20,9,20,5,5,5,5,11.25
1,20,10,20,5,5,5,5,11.45
2,1,1,5,1,5,5,5,11.325
2,1,2,5,1,5,5,5,11.475
2,1,3,5,1,5,5,5,11.5
2,1,4,5,1,5,5,5,11.125
2,1,5,5,1,5,5,5,11.525
2,1,6,5,1,5,5,5,11.125
2,1,7,5,1,5,5,5,11.55
2,1,8,5,1,5,5,5,11.25
2,1,9,5,1,5,5,5,11.5
2,1,10,5,1,5,5,5,11.275
2,2,1,5,2,5,5,5,11.375
2,2,2,5,2,5,5,5,11.075
2,2,3,5,2,5,5,5,11.35
2,2,4,5,2,5,5,5,11.6
2,2,5,5,2,5,5,5,11.15
2,2,6,5,2,5,5,5,11.125
2,2,7,5,2,5,5,5,11.625
2,2,8,5,2,5,5,5,11.2
2,2,9,5,2,5,5,5,11.25
2,2,10,5,2,5,5,5,11.275
2,3,1,5,3,5,5,5,11.425
2,3,2,5,3,5,5,5,11.3
2,3,3,5,3,5,5,5,11.075
2,3,4,5,3,5,5,5,11.425
2,3,5,5,3,5,5,5,11.425
2,3,6,5,3,5,5,5,11.375
2,3,7,5,3,5,5,5,11.35
2,3,8,5,3,5,5,5,11.375
2,3,9,5,3,5,5,5,11.425
2,3,10,5,3,5,5,5,11.35
2,4,1,5,4,5,5,5,11.3
2,4,2,5,4,5,5,5,11.3
2,4,3,5,4,5,5,5,11.225
2,4,4,5,4,5,5,5,11.325
2,4,5,5,4,5,5,5,11.35
2,4,6,5,4,5,5,5,11.25
2,4,7,5,4,5,5,5,11.35
2,4,8,5,4,5,5,5,11.25
2,4,9,5,4,5,5,5,11.25
2,4,10,5,4,5,5,5,11.25
2,5,1,5,5,5,5,5,11.35
2,5,2,5,5,5,5,5,11.475
2,5,3,5,5,5,5,5,11.25
2,5,4,5,5,5,5,5,11.625
2,5,5,5,5,5,5,5,11.1
2,5,6,5,5,5,5,5,11.25
2,5,7,5,5,5,5,5,11.25
2,5,8,5,5,5,5,5,11.425
2,5,9,5,5,5,5,5,11.1
2,5,10,5,5,5,5,5,11.2
2,6,1,5,6,5,5,5,11.525
2,6,2,5,6,5,5,5,11.3
2,6,3,5,6,5,5,5,11.25
2,6,4,5,6,5,5,5,11.475
2,6,5,5,6,5,5,5,11.25
2,6,6,5,6,5,5,5,11.3
2,6,7,5,6,5,5,5,11.225
2,6,8,5,6,5,5,5,11.35
2,6,9,5,6,5,5,5,11.0
2,6,10,5,6,5,5,5,11.525
2,7,1,5,7,5,5,5,11.175
2,7,2,5,7,5,5,5,11.175
2,7,3,5,7,5,5,5,11.25
2,7,4,5,7,5,5,5,11.225
2,7,5,5,7,5,5,5,11.125
2,7,6,5,7,5,5,5,11.25
2,7,7,5,7,5,5,5,11.475
2,7,8,5,7,5,5,5,11.25
2,7,9,5,7,5,5,5,11.55
2,7,10,5,7,5,5,5,11.375
2,8,1,5,8,5,5,5,11.125
2,8,2,5,8,5,5,5,11.4
2,8,3,5,8,5,5,5,11.5
2,8,4,5,8,5,5,5,11.35
2,8,5,5,8,5,5,5,11.15
2,8,6,5,8,5,5,5,11.25
2,8,7,5,8,5,5,5,11.0
2,8,8,5,8,5,5,5,10.925
2,8,9,5,8,5,5,5,11.1
2,8,10,5,8,5,5,5,11.35
2,9,1,5,9,5,5,5,11.525
2,9,2,5,9,5,5,5,11.425
2,9,3,5,9,5,5,5,11.55
2,9,4,5,9,5,5,5,11.4
2,9,5,5,9,5,5,5,11.375
2,9,6,5,9,5,5,5,11.3
2,9,7,5,9,5,5,5,11.45
2,9,8,5,9,5,5,5,11.45
2,9,9,5,9,5,5,5,11.525
2,9,10,5,9,5,5,5,11.4
2,10,1,5,10,5,5,5,11.525
2,10,2,5,10,5,5,5,11.35
2,10,3,5,10,5,5,5,11.15
2,10,4,5,10,5,5,5,11.25
2,10,5,5,10,5,5,5,11.2
2,10,6,5,10,5,5,5,11.375
2,10,7,5,10,5,5,5,11.35
2,10,8,5,10,5,5,5,11.125
2,10,9,5,10,5,5,5,11.3
2,10,10,5,10,5,5,5,11.375
2,11,1,5,11,5,5,5,11.35
2,11,2,5,11,5,5,5,11.25
2,11,3,5,11,5,5,5,11.125
2,11,4,5,11,5,5,5,11.15
2,11,5,5,11,5,5,5,11.125
2,11,6,5,11,5,5,5,11.125
2,11,7,5,11,5,5,5,11.375
2,11,8,5,11,5,5,5,11.275
2,11,9,5,11,5,5,5,11.375
2,11,10,5,11,5,5,5,11.425
2,12,1,5,12,5,5,5,11.175
2,12,2,5,12,5,5,5,11.275
2,12,3,5,12,5,5,5,11.2
2,12,4,5,12,5,5,5,11.6
2,12,5,5,12,5,5,5,11.375
2,12,6,5,12,5,5,5,11.375
2,12,7,5,12,5,5,5,11.575
2,12,8,5,12,5,5,5,11.2
2,12,9,5,12,5,5,5,11.625
2,12,10,5,12,5,5,5,11.25
2,13,1,5,13,5,5,5,11.05
2,13,2,5,13,5,5,5,11.2
2,13,3,5,13,5,5,5,11.375
2,13,4,5,13,5,5,5,11.35
2,13,5,5,13,5,5,5,11.25
2,13,6,5,13,5,5,5,11.125
2,13,7,5,13,5,5,5,11.3
2,13,8,5,13,5,5,5,11.4
2,13,9,5,13,5,5,5,11.15
2,13,10,5,13,5,5,5,11.05
2,14,1,5,14,5,5,5,11.55
2,14,2,5,14,5,5,5,11.5
2,14,3,5,14,5,5,5,11.3
2,14,4,5,14,5,5,5,11.5
2,14,5,5,14,5,5,5,11.25
2,14,6,5,14,5,5,5,11.275
2,14,7,5,14,5,5,5,11.25
2,14,8,5,14,5,5,5,11.325
2,14,9,5,14,5,5,5,11.375
2,14,10,5,14,5,5,5,11.275
2,15,1,5,15,5,5,5,11.425
2,15,2,5,15,5,5,5,11.525
2,15,3,5,15,5,5,5,11.325
2,15,4,5,15,5,5,5,11.225
2,15,5,5,15,5,5,5,11.35
2,15,6,5,15,5,5,5,11.25
2,15,7,5,15,5,5,5,11.4
2,15,8,5,15,5,5,5,11.425
2,15,9,5,15,5,5,5,11.5
2,15,10,5,15,5,5,5,11.375
2,16,1,5,16,5,5,5,11.325
2,16,2,5,16,5,5,5,11.475
2,16,3,5,16,5,5,5,11.75
2,16,4,5,16,5,5,5,11.375
2,16,5,5,16,5,5,5,11.45
2,16,6,5,16,5,5,5,11.25
2,16,7,5,16,5,5,5,11.15
2,16,8,5,16,5,5,5,11.45
2,16,9,5,16,5,5,5,11.4
2,16,10,5,16,5,5,5,11.3
2,17,1,5,17,5,5,5,11.5
2,17,2,5,17,5,5,5,11.125
2,17,3,5,17,5,5,5,11.55
2,17,4,5,17,5,5,5,11.225
2,17,5,5,17,5,5,5,11.575
2,17,6,5,17,5,5,5,11.475
2,17,7,5,17,5,5,5,11.275
2,17,8,5,17,5,5,5,11.425
2,17,9,5,17,5,5,5,11.55
2,17,10,5,17,5,5,5,11.15
2,18,1,5,18,5,5,5,11.575
2,18,2,5,18,5,5,5,11.35
2,18,3,5,18,5,5,5,11.525
2,18,4,5,18,5,5,5,11.525
2,18,5,5,18,5,5,5,11.25
2,18,6,5,18,5,5,5,11.475
2,18,7,5,18,5,5,5,11.375
2,18,8,5,18,5,5,5,11.5
2,18,9,5,18,5,5,5,11.275
2,18,10,5,18,5,5,5,11.5
2,19,1,5,19,5,5,5,11.425
2,19,2,5,19,5,5,5,11.325
2,19,3,5,19,5,5,5,11.15
2,19,4,5,19,5,5,5,11.475
2,19,5,5,19,5,5,5,11.3
2,19,6,5,19,5,5,5,11.525
2,19,7,5,19,5,5,5,11.25
2,19,8,5,19,5,5,5,11.375
2,19,9,5,19,5,5,5,11.7
2,19,10,5,19,5,5,5,11.5
2,20,1,5,20,5,5,5,11.25
2,20,2,5,20,5,5,5,11.35
2,20,3,5,20,5,5,5,11.225
2,20,4,5,20,5,5,5,11.025
2,20,5,5,20,5,5,5,11.175
2,20,6,5,20,5,5,5,11.375
2,20,7,5,20,5,5,5,11.325
2,20,8,5,20,5,5,5,11.15
2,20,9,5,20,5,5,5,11.275
2,20,10,5,20,5,5,5,11.375
3,1,1,5,5,1,5,5,11.25
3,1,2,5,5,1,5,5,11.15
3,1,3,5,5,1,5,5,11.35
3,1,4,5,5,1,5,5,11.3
3,1,5,5,5,1,5,5,11.325
3,1,6,5,5,1,5,5,11.325
3,1,7,5,5,1,5,5,11.025
3,1,8,5,5,1,5,5,11.375
3,1,9,5,5,1,5,5,11.4
3,1,10,5,5,1,5,5,11.275
3,2,1,5,5,2,5,5,11.325
3,2,2,5,5,2,5,5,11.125
3,2,3,5,5,2,5,5,11.225
3,2,4,5,5,2,5,5,11.375
3,2,5,5,5,2,5,5,11.125
3,2,6,5,5,2,5,5,11.425
3,2,7,5,5,2,5,5,11.275
3,2,8,5,5,2,5,5,11.5
3,2,9,5,5,2,5,5,11.5
3,2,10,5,5,2,5,5,11.55
3,3,1,5,5,3,5,5,11.225
3,3,2,5,5,3,5,5,11.325
3,3,3,5,5,3,5,5,11.2
3,3,4,5,5,3,5,5,11.25
3,3,5,5,5,3,5,5,11.15
3,3,6,5,5,3,5,5,11.125
3,3,7,5,5,3,5,5,11.475
3,3,8,5,5,3,5,5,11.325
3,3,9,5,5,3,5,5,11.25
3,3,10,5,5,3,5,5,11.4
3,4,1,5,5,4,5,5,11.325
3,4,2,5,5,4,5,5,11.475
3,4,3,5,5,4,5,5,11.375
3,4,4,5,5,4,5,5,11.225
3,4,5,5,5,4,5,5,11.175
3,4,6,5,5,4,5,5,11.25
3,4,7,5,5,4,5,5,11.275
3,4,8,5,5,4,5,5,11.375
3,4,9,5,5,4,5,5,11.375
3,4,10,5,5,4,5,5,11.125
3,5,1,5,5,5,5,5,11.2
3,5,2,5,5,5,5,5,11.325
3,5,3,5,5,5,5,5,11.525
3,5,4,5,5,5,5,5,11.3
3,5,5,5,5,5,5,5,11.075
3,5,6,5,5,5,5,5,11.375
3,5,7,5,5,5,5,5,11.325
3,5,8,5,5,5,5,5,11.325
3,5,9,5,5,5,5,5,11.35
3,5,10,5,5,5,5,5,11.45
3,6,1,5,5,6,5,5,11.375
3,6,2,5,5,6,5,5,11.35
3,6,3,5,5,6,5,5,11.15
3,6,4,5,5,6,5,5,11.5
3,6,5,5,5,6,5,5,11.3
3,6,6,5,5,6,5,5,11.35
3,6,7,5,5,6,5,5,11.525
3,6,8,5,5,6,5,5,11.075
3,6,9,5,5,6,5,5,11.375
3,6,10,5,5,6,5,5,11.35
3,7,1,5,5,7,5,5,11.25
3,7,2,5,5,7,5,5,11.225
3,7,3,5,5,7,5,5,11.05
3,7,4,5,5,7,5,5,11.175
3,7,5,5,5,7,5,5,11.325
3,7,6,5,5,7,5,5,11.175
3,7,7,5,5,7,5,5,11.375
3,7,8,5,5,7,5,5,11.2
3,7,9,5,5,7,5,5,11.5
3,7,10,5,5,7,5,5,11.25
3,8,1,5,5,8,5,5,11.45
3,8,2,5,5,8,5,5,11.4
3,8,3,5,5,8,5,5,11.175
3,8,4,5,5,8,5,5,11.3
3,8,5,5,5,8,5,5,10.925
3,8,6,5,5,8,5,5,11.325
3,8,7,5,5,8,5,5,11.45
3,8,8,5,5,8,5,5,11.2
3,8,9,5,5,8,5,5,11.35
3,8,10,5,5,8,5,5,11.375
3,9,1,5,5,9,5,5,11.1
3,9,2,5,5,9,5,5,11.5
3,9,3,5,5,9,5,5,11.25
3,9,4,5,5,9,5,5,11.125
3,9,5,5,5,9,5,5,11.125
3,9,6,5,5,9,5,5,11.25
3,9,7,5,5,9,5,5,11.2
3,9,8,5,5,9,5,5,11.3
3,9,9,5,5,9,5,5,11.575
3,9,10,5,5,9,5,5,11.275
3,10,1,5,5,10,5,5,11.2
3,10,2,5,5,10,5,5,11.425
3,10,3,5,5,10,5,5,11.375
3,10,4,5,5,10,5,5,11.275
3,10,5,5,5,10,5,5,11.35
3,10,6,5,5,10,5,5,11.425
3,10,7,5,5,10,5,5,11.225
3,10,8,5,5,10,5,5,11.075
3,10,9,5,5,10,5,5,11.25
3,10,10,5,5,10,5,5,11.45
3,11,1,5,5,11,5,5,11.5
3,11,2,5,5,11,5,5,11.2
3,11,3,5,5,11,5,5,11.15
3,11,4,5,5,11,5,5,11.25
3,11,5,5,5,11,5,5,11.525
3,11,6,5,5,11,5,5,11.325
3,11,7,5,5,11,5,5,11.275
3,11,8,5,5,11,5,5,11.25
3,11,9,5,5,11,5,5,11.375
3,11,10,5,5,11,5,5,11.275
3,12,1,5,5,12,5,5,11.55
3,12,2,5,5,12,5,5,11.125
3,12,3,5,5,12,5,5,11.45
3,12,4,5,5,12,5,5,11.15
3,12,5,5,5,12,5,5,11.5
3,12,6,5,5,12,5,5,11.275
3,12,7,5,5,12,5,5,11.375
3,12,8,5,5,12,5,5,10.975
3,12,9,5,5,12,5,5,11.575
3,12,10,5,5,12,5,5,11.375
3,13,1,5,5,13,5,5,11.375
3,13,2,5,5,13,5,5,10.9
3,13,3,5,5,13,5,5,11.375
3,13,4,5,5,13,5,5,11.125
3,13,5,5,5,13,5,5,11.4
3,13,6,5,5,13,5,5,11.35
3,13,7,5,5,13,5,5,11.425
3,13,8,5,5,13,5,5,11.1
3,13,9,5,5,13,5,5,11.375
3,13,10,5,5,13,5,5,11.075
3,14,1,5,5,14,5,5,11.475
3,14,2,5,5,14,5,5,10.875
3,14,3,5,5,14,5,5,11.35
3,14,4,5,5,14,5,5,11.35
3,14,5,5,5,14,5,5,11.075
3,14,6,5,5,14,5,5,11.375
3,14,7,5,5,14,5,5,11.475
3,14,8,5,5,14,5,5,11.575
3,14,9,5,5,14,5,5,11.325
3,14,10,5,5,14,5,5,11.375
3,15,1,5,5,15,5,5,11.25
3,15,2,5,5,15,5,5,11.325
3,15,3,5,5,15,5,5,11.5
3,15,4,5,5,15,5,5,11.225
3,15,5,5,5,15,5,5,11.5
3,15,6,5,5,15,5,5,11.25
3,15,7,5,5,15,5,5,11.325
3,15,8,5,5,15,5,5,11.3
3,15,9,5,5,15,5,5,11.325
3,15,10,5,5,15,5,5,11.425
3,16,1,5,5,16,5,5,11.425
3,16,2,5,5,16,5,5,11.125
3,16,3,5,5,16,5,5,11.575
3,16,4,5,5,16,5,5,11.375
3,16,5,5,5,16,5,5,11.25
3,16,6,5,5,16,5,5,11.4
3,16,7,5,5,16,5,5,11.1
3,16,8,5,5,16,5,5,11.275
3,16,9,5,5,16,5,5,11.3
3,16,10,5,5,16,5,5,11.375
3,17,1,5,5,17,5,5,11.6
3,17,2,5,5,17,5,5,11.375
3,17,3,5,5,17,5,5,11.175
3,17,4,5,5,17,5,5,11.375
3,17,5,5,5,17,5,5,11.3
3,17,6,5,5,17,5,5,11.55
3,17,7,5,5,17,5,5,11.225
3,17,8,5,5,17,5,5,11.35
3,17,9,5,5,17,5,5,11.25
3,17,10,5,5,17,5,5,11.475
3,18,1,5,5,18,5,5,11.375
3,18,2,5,5,18,5,5,11.225
3,18,3,5,5,18,5,5,11.075
3,18,4,5,5,18,5,5,11.6
3,18,5,5,5,18,5,5,11.375
3,18,6,5,5,18,5,5,11.625
3,18,7,5,5,18,5,5,11.175
3,18,8,5,5,18,5,5,11.325
3,18,9,5,5,18,5,5,11.475
3,18,10,5,5,18,5,5,11.25
3,19,1,5,5,19,5,5,11.55
3,19,2,5,5,19,5,5,11.25
3,19,3,5,5,19,5,5,11.25
3,19,4,5,5,19,5,5,11.475
3,19,5,5,5,19,5,5,11.425
3,19,6,5,5,19,5,5,11.25
3,19,7,5,5,19,5,5,11.375
3,19,8,5,5,19,5,5,11.375
3,19,9,5,5,19,5,5,11.25
3,19,10,5,5,19,5,5,11.225
3,20,1,5,5,20,5,5,11.0
3,20,2,5,5,20,5,5,11.525
3,20,3,5,5,20,5,5,10.975
3,20,4,5,5,20,5,5,11.5
3,20,5,5,5,20,5,5,11.225
3,20,6,5,5,20,5,5,11.35
3,20,7,5,5,20,5,5,11.325
3,20,8,5,5,20,5,5,11.65
3,20,9,5,5,20,5,5,11.525
3,20,10,5,5,20,5,5,11.4
4,1,1,5,5,5,1,5,9.3
4,1,2,5,5,5,1,5,9.375
4,1,3,5,5,5,1,5,9.725
4,1,4,5,5,5,1,5,9.625
4,1,5,5,5,5,1,5,9.925
4,1,6,5,5,5,1,5,9.875
4,1,7,5,5,5,1,5,9.875
4,1,8,5,5,5,1,5,9.55
4,1,9,5,5,5,1,5,9.625
4,1,10,5,5,5,1,5,9.975
4,2,1,5,5,5,2,5,10.75
4,2,2,5,5,5,2,5,10.375
4,2,3,5,5,5,2,5,10.875
4,2,4,5,5,5,2,5,10.225
4,2,5,5,5,5,2,5,10.875
4,2,6,5,5,5,2,5,11.0
4,2,7,5,5,5,2,5,10.55
4,2,8,5,5,5,2,5,10.625
4,2,9,5,5,5,2,5,10.375
4,2,10,5,5,5,2,5,11.225
4,3,1,5,5,5,3,5,11.0
4,3,2,5,5,5,3,5,10.95
4,3,3,5,5,5,3,5,11.05
4,3,4,5,5,5,3,5,11.35
4,3,5,5,5,5,3,5,11.125
4,3,6,5,5,5,3,5,11.225
4,3,7,5,5,5,3,5,11.05
4,3,8,5,5,5,3,5,11.35
4,3,9,5,5,5,3,5,11.2
4,3,10,5,5,5,3,5,10.95
4,4,1,5,5,5,4,5,11.275
4,4,2,5,5,5,4,5,11.325
4,4,3,5,5,5,4,5,11.35
4,4,4,5,5,5,4,5,11.625
4,4,5,5,5,5,4,5,11.45
4,4,6,5,5,5,4,5,11.275
4,4,7,5,5,5,4,5,11.4
4,4,8,5,5,5,4,5,11.25
4,4,9,5,5,5,4,5,11.275
4,4,10,5,5,5,4,5,11.525
4,5,1,5,5,5,5,5,11.05
4,5,2,5,5,5,5,5,11.05
4,5,3,5,5,5,5,5,11.375
4,5,4,5,5,5,5,5,11.25
4,5,5,5,5,5,5,5,11.375
4,5,6,5,5,5,5,5,11.125
4,5,7,5,5,5,5,5,11.575
4,5,8,5,5,5,5,5,11.5
4,5,9,5,5,5,5,5,11.25
4,5,10,5,5,5,5,5,11.35
4,6,1,5,5,5,6,5,11.4
4,6,2,5,5,5,6,5,11.4
4,6,3,5,5,5,6,5,11.3
4,6,4,5,5,5,6,5,11.325
4,6,5,5,5,5,6,5,11.05
4,6,6,5,5,5,6,5,11.55
4,6,7,5,5,5,6,5,11.125
4,6,8,5,5,5,6,5,11.35
4,6,9,5,5,5,6,5,11.35
4,6,10,5,5,5,6,5,11.35
4,7,1,5,5,5,7,5,11.25
4,7,2,5,5,5,7,5,11.325
4,7,3,5,5,5,7,5,11.15
4,7,4,5,5,5,7,5,11.375
4,7,5,5,5,5,7,5,11.275
4,7,6,5,5,5,7,5,11.275
4,7,7,5,5,5,7,5,11.2
4,7,8,5,5,5,7,5,11.375
4,7,9,5,5,5,7,5,11.5
4,7,10,5,5,5,7,5,11.075
4,8,1,5,5,5,8,5,11.225
4,8,2,5,5,5,8,5,11.4
4,8,3,5,5,5,8,5,11.25
4,8,4,5,5,5,8,5,11.375
4,8,5,5,5,5,8,5,11.375
4,8,6,5,5,5,8,5,11.575
4,8,7,5,5,5,8,5,11.35
4,8,8,5,5,5,8,5,11.0
4,8,9,5,5,5,8,5,11.375
4,8,10,5,5,5,8,5,11.05
4,9,1,5,5,5,9,5,11.375
4,9,2,5,5,5,9,5,11.175
4,9,3,5,5,5,9,5,11.225
4,9,4,5,5,5,9,5,11.65
4,9,5,5,5,5,9,5,11.525
4,9,6,5,5,5,9,5,11.25
4,9,7,5,5,5,9,5,11.35
4,9,8,5,5,5,9,5,11.75
4,9,9,5,5,5,9,5,11.125
4,9,10,5,5,5,9,5,11.5
4,10,1,5,5,5,10,5,11.3
4,10,2,5,5,5,10,5,11.25
4,10,3,5,5,5,10,5,11.5
4,10,4,5,5,5,10,5,11.25
4,10,5,5,5,5,10,5,11.3
4,10,6,5,5,5,10,5,11.25
4,10,7,5,5,5,10,5,11.225
4,10,8,5,5,5,10,5,11.25
4,10,9,5,5,5,10,5,11.375
4,10,10,5,5,5,10,5,11.625
4,11,1,5,5,5,11,5,11.175
4,11,2,5,5,5,11,5,11.375
4,11,3,5,5,5,11,5,11.25
4,11,4,5,5,5,11,5,11.6
4,11,5,5,5,5,11,5,11.2
4,11,6,5,5,5,11,5,11.625
4,11,7,5,5,5,11,5,11.1
4,11,8,5,5,5,11,5,11.35
4,11,9,5,5,5,11,5,11.475
4,11,10,5,5,5,11,5,11.375
4,12,1,5,5,5,12,5,11.2
4,12,2,5,5,5,12,5,11.275
4,12,3,5,5,5,12,5,11.225
4,12,4,5,5,5,12,5,11.25
4,12,5,5,5,5,12,5,11.55
4,12,6,5,5,5,12,5,11.25
4,12,7,5,5,5,12,5,11.475
4,12,8,5,5,5,12,5,11.5
4,12,9,5,5,5,12,5,11.2
4,12,10,5,5,5,12,5,11.625
4,13,1,5,5,5,13,5,11.35
4,13,2,5,5,5,13,5,11.125
4,13,3,5,5,5,13,5,11.4
4,13,4,5,5,5,13,5,11.25
4,13,5,5,5,5,13,5,11.2
4,13,6,5,5,5,13,5,11.175
4,13,7,5,5,5,13,5,11.225
4,13,8,5,5,5,13,5,10.975
4,13,9,5,5,5,13,5,11.175
4,13,10,5,5,5,13,5,11.5
4,14,1,5,5,5,14,5,11.45
4,14,2,5,5,5,14,5,11.35
4,14,3,5,5,5,14,5,11.375
4,14,4,5,5,5,14,5,11.15
4,14,5,5,5,5,14,5,11.125
4,14,6,5,5,5,14,5,11.25
4,14,7,5,5,5,14,5,11.475
4,14,8,5,5,5,14,5,11.375
4,14,9,5,5,5,14,5,11.35
4,14,10,5,5,5,14,5,11.2
4,15,1,5,5,5,15,5,11.375
4,15,2,5,5,5,15,5,11.075
4,15,3,5,5,5,15,5,11.5
4,15,4,5,5,5,15,5,11.55
4,15,5,5,5,5,15,5,11.475
4,15,6,5,5,5,15,5,11.525
4,15,7,5,5,5,15,5,11.45
4,15,8,5,5,5,15,5,11.4
4,15,9,5,5,5,15,5,11.425
4,15,10,5,5,5,15,5,11.25
4,16,1,5,5,5,16,5,11.375
4,16,2,5,5,5,16,5,11.375
4,16,3,5,5,5,16,5,11.25
4,16,4,5,5,5,16,5,11.125
4,16,5,5,5,5,16,5,11.55
4,16,6,5,5,5,16,5,11.3
4,16,7,5,5,5,16,5,11.275
4,16,8,5,5,5,16,5,11.15
4,16,9,5,5,5,16,5,11.3
4,16,10,5,5,5,16,5,11.325
4,17,1,5,5,5,17,5,11.525
4,17,2,5,5,5,17,5,11.25
4,17,3,5,5,5,17,5,11.575
4,17,4,5,5,5,17,5,11.15
4,17,5,5,5,5,17,5,11.175
4,17,6,5,5,5,17,5,11.625
4,17,7,5,5,5,17,5,11.3
4,17,8,5,5,5,17,5,11.35
4,17,9,5,5,5,17,5,11.4
4,17,10,5,5,5,17,5,11.375
4,18,1,5,5,5,18,5,11.6
4,18,2,5,5,5,18,5,11.325
4,18,3,5,5,5,18,5,11.35
4,18,4,5,5,5,18,5,11.35
4,18,5,5,5,5,18,5,11.55
4,18,6,5,5,5,18,5,11.45
4,18,7,5,5,5,18,5,11.575
4,18,8,5,5,5,18,5,11.325
4,18,9,5,5,5,18,5,11.25
4,18,10,5,5,5,18,5,11.525
4,19,1,5,5,5,19,5,11.425
4,19,2,5,5,5,19,5,11.55
4,19,3,5,5,5,19,5,11.275
4,19,4,5,5,5,19,5,11.1
4,19,5,5,5,5,19,5,11.475
4,19,6,5,5,5,19,5,11.375
4,19,7,5,5,5,19,5,11.375
4,19,8,5,5,5,19,5,11.375
4,19,9,5,5,5,19,5,11.45
4,19,10,5,5,5,19,5,11.625
4,20,1,5,5,5,20,5,11.0
4,20,2,5,5,5,20,5,11.5
4,20,3,5,5,5,20,5,11.475
4,20,4,5,5,5,20,5,11.5
4,20,5,5,5,5,20,5,11.075
4,20,6,5,5,5,20,5,11.4
4,20,7,5,5,5,20,5,11.25
4,20,8,5,5,5,20,5,11.225
4,20,9,5,5,5,20,5,11.4
4,20,10,5,5,5,20,5,11.25
