Iteration,Buffer_3_Capacity,Buffer_4_Capacity,Objective,Mean_Throughput,Std_Throughput,Cost,Alpha,N_Replications,Function_Evaluations,Simulation_Runs,Type
0,17,8,177.0,10.85,0.18234582528810425,40,20,5,1,5,initial
0,3,18,179.79999999999998,10.79,0.058309518948453105,36,20,5,2,10,initial
0,1,13,181.50000000000006,10.525000000000002,0.1923538406167138,29,20,5,3,15,initial
0,19,20,161.79999999999998,10.79,0.10793516572461426,54,20,5,4,20,initial
0,8,1,150.4,8.72,0.2277059507347138,24,20,5,5,25,initial
0,7,6,184.8,10.64,0.2492990172463581,28,20,5,6,30,initial
0,6,15,180.1,10.805,0.14000000000000018,36,20,5,7,35,initial
0,4,12,182.29999999999998,10.665,0.1347219358530746,31,20,5,8,40,initial
1,6,8,181.2,10.51,0.24217762076624663,29,20,5,9,45,bayesian
2,9,7,181.49999999999997,10.624999999999998,0.291547594742265,31,20,5,10,50,bayesian
3,1,9,188.1,10.655,0.21295539439046862,25,20,5,11,55,bayesian
4,1,7,187.79999999999998,10.54,0.21071307505705472,23,20,5,12,60,bayesian
5,2,8,186.3,10.565000000000001,0.20832666655999646,25,20,5,13,65,bayesian
6,1,4,186.39999999999998,10.319999999999999,0.21874642854227347,20,20,5,14,70,bayesian
7,20,1,138.90000000000003,8.745000000000001,0.12083045973594589,36,20,5,15,75,bayesian
8,14,12,171.10000000000002,10.605,0.2176005514698895,41,20,5,16,80,bayesian
9,8,20,170.59999999999997,10.679999999999998,0.3476348659153738,43,20,5,17,85,bayesian
10,3,5,185.5,10.425,0.2770379035439015,23,20,5,18,90,bayesian
11,20,11,171.0,10.85,0.12449899597988716,46,20,5,19,95,bayesian
12,1,20,175.9,10.595,0.12884098726725132,36,20,5,20,100,bayesian
13,1,1,159.8,8.84,0.28748913022930134,17,20,5,21,105,bayesian
14,1,6,184.2,10.309999999999999,0.17363755354185323,22,20,5,22,110,bayesian
15,2,7,184.6,10.43,0.3014133374620307,24,20,5,23,115,bayesian
16,1,8,187.0,10.55,0.08215838362577522,24,20,5,24,120,bayesian
17,1,10,187.2,10.66,0.14628738838327823,26,20,5,25,125,bayesian
18,2,10,185.8,10.64,0.22945587811167545,27,20,5,26,130,bayesian
19,9,12,176.2,10.61,0.09823441352194259,36,20,5,27,135,bayesian
20,1,5,186.7,10.385,0.32194720064010507,21,20,5,28,140,bayesian
