Iteration,Buffer_1_Capacity,Buffer_2_Capacity,Buffer_3_Capacity,Buffer_4_Capacity,Buffer_5_Capacity,Objective,Mean_Throughput,Std_Throughput,Cost,Alpha,N_Replications,Function_Evaluations,Simulation_Runs,Type
0,9,4,9,2,1,152.70000000000005,8.885000000000002,0.22561028345356954,25,20,5,1,5,initial
0,2,5,6,10,3,184.39999999999998,10.52,0.26711420778386163,26,20,5,2,10,initial
0,1,4,3,8,9,188.90000000000003,10.695000000000002,0.20087309426600714,25,20,5,3,15,initial
0,10,8,2,10,7,174.90000000000003,10.595000000000002,0.30634947364080795,37,20,5,4,20,initial
0,4,7,1,5,9,186.59999999999997,10.629999999999999,0.25069902273443356,26,20,5,5,25,initial
0,4,3,1,10,9,181.6,10.43,0.18261982367749646,27,20,5,6,30,initial
0,3,10,3,6,7,182.7,10.584999999999999,0.21130546609115436,29,20,5,7,35,initial
0,2,9,3,9,10,182.0,10.75,0.19170289512680835,33,20,5,8,40,initial
0,10,7,6,4,1,166.5,9.725,0.2573907535246752,28,20,5,9,45,initial
0,2,4,5,4,5,186.5,10.325,0.27658633371878655,20,20,5,10,50,initial
1,1,4,1,4,8,191.09999999999997,10.454999999999998,0.2389560629069704,18,20,5,11,55,bayesian
2,1,3,4,3,10,187.0,10.4,0.24341322889276157,21,20,5,12,60,bayesian
3,1,4,1,6,4,192.7,10.434999999999999,0.20832666655999627,16,20,5,13,65,bayesian
4,1,1,1,6,4,193.2,10.309999999999999,0.16703293088490045,13,20,5,14,70,bayesian
5,1,1,1,9,1,184.8,9.89,0.19595917942265403,13,20,5,15,75,bayesian
6,1,1,1,4,5,188.6,10.03,0.2997498957464373,12,20,5,16,80,bayesian
7,1,4,1,6,5,192.60000000000002,10.48,0.17277152543170982,17,20,5,17,85,bayesian
8,1,3,1,6,6,193.5,10.525,0.22135943621178666,17,20,5,18,90,bayesian
9,1,2,2,7,5,192.3,10.465,0.13656500283747658,17,20,5,19,95,bayesian
10,1,10,1,1,10,153.6,8.83,0.27083205127901655,23,20,5,20,100,bayesian
11,1,1,1,6,10,193.5,10.625,0.20554804791094478,19,20,5,21,105,bayesian
12,3,2,1,5,9,193.2,10.66,0.1290348790056395,20,20,5,22,110,bayesian
13,1,3,1,6,9,191.4,10.57,0.23313086453749557,20,20,5,23,115,bayesian
14,1,1,10,10,10,185.20000000000002,10.860000000000001,0.18547236990991423,32,20,5,24,120,bayesian
15,3,3,1,6,5,194.29999999999995,10.614999999999998,0.20408331631958546,18,20,5,25,125,bayesian
16,1,10,1,10,1,178.70000000000002,10.085,0.2610555496441324,23,20,5,26,130,bayesian
17,8,1,1,3,10,177.8,10.040000000000001,0.2918047292282972,23,20,5,27,135,bayesian
18,2,1,1,6,7,195.3,10.615,0.16777961735562516,17,20,5,28,140,bayesian
19,1,10,10,10,8,174.29999999999995,10.664999999999997,0.1874833325925268,39,20,5,29,145,bayesian
20,2,1,4,6,9,190.70000000000005,10.635000000000002,0.2804460732476033,22,20,5,30,150,bayesian
21,3,1,1,7,6,194.59999999999997,10.629999999999999,0.20334699407662732,18,20,5,31,155,bayesian
22,1,1,1,7,7,193.0,10.5,0.18506755523321716,17,20,5,32,160,bayesian
23,3,1,1,6,6,190.0,10.35,0.2859195691099161,17,20,5,33,165,bayesian
24,2,3,1,6,7,192.89999999999998,10.594999999999999,0.40847276531000243,19,20,5,34,170,bayesian
25,1,1,1,5,9,192.70000000000002,10.485000000000001,0.16552945357246843,17,20,5,35,175,bayesian
26,3,4,1,6,6,190.3,10.515,0.1793042107704116,20,20,5,36,180,bayesian
27,1,1,1,6,8,193.39999999999998,10.52,0.13546217184144035,17,20,5,37,185,bayesian
28,2,1,1,6,8,191.4,10.47,0.0886002257333469,18,20,5,38,190,bayesian
29,1,2,1,6,6,191.89999999999998,10.395,0.27449954462621623,16,20,5,39,195,bayesian
30,2,2,1,7,5,192.0,10.45,0.1491643389017633,17,20,5,40,200,bayesian
31,1,1,10,10,1,179.5,10.125,0.2631539473388154,23,20,5,41,205,bayesian
32,1,2,2,6,7,193.89999999999998,10.594999999999999,0.189340962287615,18,20,5,42,210,bayesian
33,1,1,2,6,8,191.2,10.459999999999999,0.2964793416074719,18,20,5,43,215,bayesian
34,2,2,1,6,7,191.90000000000003,10.495000000000001,0.21412613105363867,18,20,5,44,220,bayesian
35,1,1,1,5,10,193.89999999999998,10.594999999999999,0.1399999999999996,18,20,5,45,225,bayesian
36,2,1,1,5,10,192.90000000000003,10.595000000000002,0.164620776331543,19,20,5,46,230,bayesian
37,1,1,10,1,10,148.5,8.575,0.24443813123160674,23,20,5,47,235,bayesian
38,1,5,1,4,1,174.39999999999998,9.319999999999999,0.2647640458974745,12,20,5,48,240,bayesian
39,1,4,3,6,6,189.8,10.49,0.15378556499229726,20,20,5,49,245,bayesian
40,10,1,1,10,1,176.29999999999995,9.964999999999998,0.22338307903688634,23,20,5,50,250,bayesian
41,1,1,5,10,7,188.5,10.625,0.17320508075688798,24,20,5,51,255,bayesian
42,10,1,10,10,10,174.39999999999998,10.77,0.20149441679609886,41,20,5,52,260,bayesian
43,1,2,1,5,10,190.60000000000002,10.48,0.1469693845669907,19,20,5,53,265,bayesian
44,1,1,1,8,5,192.3,10.415000000000001,0.23695991222145565,16,20,5,54,270,bayesian
45,1,1,1,7,6,195.09999999999997,10.554999999999998,0.2456623699307646,16,20,5,55,275,bayesian
46,1,1,1,7,5,194.2,10.459999999999999,0.1488287606613719,15,20,5,56,280,bayesian
47,1,1,1,6,6,196.2,10.559999999999999,0.11575836902790211,15,20,5,57,285,bayesian
48,1,1,1,6,5,194.6,10.43,0.24052026941611362,14,20,5,58,290,bayesian
49,1,1,1,6,7,196.5,10.625,0.16733200530681525,16,20,5,59,295,bayesian
50,1,1,2,6,6,195.3,10.565000000000001,0.21424285285628572,16,20,5,60,300,bayesian
51,1,1,2,7,6,193.7,10.535,0.20772578077841022,17,20,5,61,305,bayesian
52,1,1,1,5,7,193.39999999999998,10.419999999999998,0.33593154064481606,15,20,5,62,310,bayesian
53,2,1,1,6,6,192.3,10.415000000000001,0.300665927567458,16,20,5,63,315,bayesian
54,10,10,10,10,10,164.39999999999998,10.719999999999999,0.13638181696985852,50,20,5,64,320,bayesian
55,1,1,2,7,5,191.29999999999995,10.364999999999998,0.2764054992217052,16,20,5,65,325,bayesian
56,1,2,1,6,5,193.4,10.42,0.2590366769397724,15,20,5,66,330,bayesian
57,1,1,2,6,7,193.39999999999998,10.52,0.24969981978367523,17,20,5,67,335,bayesian
58,1,10,10,10,1,166.5,9.925,0.21621748310439656,32,20,5,68,340,bayesian
59,1,2,1,7,6,191.60000000000002,10.430000000000001,0.31717503054307394,17,20,5,69,345,bayesian
60,10,10,1,10,1,166.2,9.91,0.2576819745345024,32,20,5,70,350,bayesian
61,1,1,1,5,8,195.0,10.55,0.16278820596099697,16,20,5,71,355,bayesian
62,1,1,1,3,10,187.10000000000002,10.155000000000001,0.147817454990945,16,20,5,72,360,bayesian
63,3,4,3,5,8,186.0,10.45,0.21035683967962598,23,20,5,73,365,bayesian
64,1,1,5,10,10,186.2,10.66,0.2059126028197399,27,20,5,74,370,bayesian
65,1,2,1,6,7,193.5,10.525,0.3240370349203934,17,20,5,75,375,bayesian
66,1,7,1,9,6,186.6,10.53,0.13171939872319444,24,20,5,76,380,bayesian
67,1,1,1,5,6,195.7,10.485,0.19403607911932239,14,20,5,77,385,bayesian
68,1,2,1,5,7,194.2,10.51,0.21365860619221458,16,20,5,78,390,bayesian
69,1,2,1,5,6,196.60000000000002,10.580000000000002,0.14265342617687068,15,20,5,79,395,bayesian
70,1,1,2,5,7,194.29999999999998,10.514999999999999,0.11247221879201993,16,20,5,80,400,bayesian
71,1,1,2,5,6,192.2,10.36,0.14017845768876186,15,20,5,81,405,bayesian
72,1,3,1,5,6,194.10000000000002,10.505,0.08276472678623435,16,20,5,82,410,bayesian
73,1,2,1,5,8,194.29999999999998,10.565,0.10074720839804951,17,20,5,83,415,bayesian
74,10,10,1,4,10,176.0,10.55,0.24186773244895649,35,20,5,84,420,bayesian
75,1,3,1,5,7,195.0,10.6,0.14053469322555187,17,20,5,85,425,bayesian
76,1,2,2,5,7,194.5,10.575,0.22527760652137596,17,20,5,86,430,bayesian
77,1,2,2,5,6,192.2,10.41,0.3031501278244825,16,20,5,87,435,bayesian
78,2,2,1,5,7,195.0,10.6,0.2911185325601924,17,20,5,88,440,bayesian
79,2,1,1,5,7,194.8,10.540000000000001,0.07999999999999984,16,20,5,89,445,bayesian
80,2,2,1,5,6,192.3,10.415000000000001,0.12103718436910164,16,20,5,90,450,bayesian
81,2,1,1,5,8,194.10000000000002,10.555000000000001,0.19646882704388544,17,20,5,91,455,bayesian
82,1,2,1,4,7,192.60000000000002,10.38,0.17131841699011827,15,20,5,92,460,bayesian
83,1,1,2,5,8,194.5,10.575,0.052440442408507475,17,20,5,93,465,bayesian
84,1,2,2,5,8,193.7,10.584999999999999,0.1888120758849922,18,20,5,94,470,bayesian
85,10,1,1,10,10,178.10000000000002,10.505,0.19962464777677133,32,20,5,95,475,bayesian
86,2,2,1,5,8,191.90000000000003,10.495000000000001,0.2176005514698892,18,20,5,96,480,bayesian
87,1,1,1,6,9,190.2,10.41,0.24269322199023177,18,20,5,97,485,bayesian
88,2,2,1,6,6,194.3,10.565000000000001,0.23801260470823823,17,20,5,98,490,bayesian
89,2,1,1,6,5,190.09999999999997,10.254999999999999,0.24052026941611412,15,20,5,99,495,bayesian
90,1,2,2,6,6,195.39999999999998,10.62,0.3171750305430741,17,20,5,100,500,bayesian
