Iteration,Buffer_1_Capacity,Buffer_2_Capacity,Buffer_3_Capacity,Buffer_4_Capacity,Buffer_5_Capacity,Objective,Mean_Throughput,Std_Throughput,Cost,Alpha,N_Replications,Function_Evaluations,Simulation_Runs,Type,Best_Objective
0,5,5,5,5,5,181.3,10.315000000000001,0.2676751762864838,25,20,5,1,5,initial,181.3
1,4,5,5,5,5,182.2,10.309999999999999,0.16552945357246848,24,20,5,2,10,difference_minus_b1,182.2
1,6,5,5,5,5,182.2,10.41,0.12708265027138815,26,20,5,3,15,difference_plus_b1,182.2
1,5,4,5,5,5,181.2,10.26,0.23590252224170888,24,20,5,4,20,difference_minus_b2,182.2
1,5,6,5,5,5,183.60000000000002,10.48,0.12083045973594565,26,20,5,5,25,difference_plus_b2,183.60000000000002
1,5,5,4,5,5,186.5,10.525,0.24748737341529153,24,20,5,6,30,difference_minus_b3,186.5
1,5,5,6,5,5,185.20000000000002,10.56,0.17720045146669366,26,20,5,7,35,difference_plus_b3,186.5
1,5,5,5,4,5,184.59999999999997,10.429999999999998,0.1111305538544642,24,20,5,8,40,difference_minus_b4,186.5
1,5,5,5,6,5,184.9,10.545,0.2496998197836754,26,20,5,9,45,difference_plus_b4,186.5
1,5,5,5,5,4,184.39999999999998,10.419999999999998,0.18601075237738302,24,20,5,10,50,difference_minus_b5,186.5
1,5,5,5,5,6,181.7,10.385,0.26485845276298065,26,20,5,11,55,difference_plus_b5,186.5
1,5,6,5,5,4,183.7,10.434999999999999,0.21999999999999986,25,20,5,12,60,gradient_update,186.5
2,4,6,5,5,4,185.8,10.49,0.11467344941179704,24,20,5,13,65,difference_minus_b1,186.5
2,6,6,5,5,4,182.39999999999998,10.419999999999998,0.15604486534327192,26,20,5,14,70,difference_plus_b1,186.5
2,5,7,5,5,4,182.79999999999998,10.44,0.24010414407085914,26,20,5,15,75,difference_plus_b2,186.5
2,5,6,4,5,4,184.5,10.425,0.23075961518428617,24,20,5,16,80,difference_minus_b3,186.5
2,5,6,6,5,4,181.40000000000003,10.370000000000001,0.17705931209625755,26,20,5,17,85,difference_plus_b3,186.5
2,5,6,5,4,4,187.5,10.575,0.11291589790636195,24,20,5,18,90,difference_minus_b4,187.5
2,5,6,5,6,4,184.8,10.540000000000001,0.28879058156387305,26,20,5,19,95,difference_plus_b4,187.5
2,5,6,5,5,3,179.4,10.17,0.34978564864785433,24,20,5,20,100,difference_minus_b5,187.5
2,4,6,4,4,5,188.39999999999998,10.569999999999999,0.10416333327999805,23,20,5,21,105,gradient_update,188.39999999999998
3,3,6,4,4,5,190.59999999999997,10.629999999999999,0.22102036105300368,22,20,5,22,110,difference_minus_b1,190.59999999999997
3,5,6,4,4,5,185.2,10.459999999999999,0.1827566688249704,24,20,5,23,115,difference_plus_b1,190.59999999999997
3,4,5,4,4,5,185.0,10.35,0.10488088481701495,22,20,5,24,120,difference_minus_b2,190.59999999999997
3,4,7,4,4,5,187.1,10.555,0.10770329614268982,24,20,5,25,125,difference_plus_b2,190.59999999999997
3,4,6,3,4,5,183.5,10.275,0.3102418411497716,22,20,5,26,130,difference_minus_b3,190.59999999999997
3,4,6,5,4,5,183.7,10.385,0.278208554864871,24,20,5,27,135,difference_plus_b3,190.59999999999997
3,4,6,4,3,5,180.59999999999997,10.129999999999999,0.25514701644346105,22,20,5,28,140,difference_minus_b4,190.59999999999997
3,4,6,4,5,5,184.0,10.4,0.2788368698719738,24,20,5,29,145,difference_plus_b4,190.59999999999997
3,4,6,4,4,4,186.1,10.405,0.15763882770434431,22,20,5,30,150,difference_minus_b5,190.59999999999997
3,4,6,4,4,6,184.9,10.445,0.21236760581595276,24,20,5,31,155,difference_plus_b5,190.59999999999997
3,3,6,4,5,5,186.2,10.459999999999999,0.24423349483639648,23,20,5,32,160,gradient_update,190.59999999999997
4,2,6,4,5,5,189.4,10.57,0.14352700094407353,22,20,5,33,165,difference_minus_b1,190.59999999999997
4,3,5,4,5,5,187.4,10.47,0.3108054053584009,22,20,5,34,170,difference_minus_b2,190.59999999999997
4,3,7,4,5,5,187.6,10.58,0.2891366458960189,24,20,5,35,175,difference_plus_b2,190.59999999999997
4,3,6,3,5,5,188.9,10.545,0.3087879531328903,22,20,5,36,180,difference_minus_b3,190.59999999999997
4,3,6,5,5,5,182.3,10.315000000000001,0.1888120758849917,24,20,5,37,185,difference_plus_b3,190.59999999999997
4,3,6,4,6,5,186.0,10.5,0.1962141687034859,24,20,5,38,190,difference_plus_b4,190.59999999999997
4,3,6,4,5,4,185.3,10.365,0.19339079605813694,22,20,5,39,195,difference_minus_b5,190.59999999999997
4,3,6,4,5,6,187.29999999999998,10.565,0.12103718436910199,24,20,5,40,200,difference_plus_b5,190.59999999999997
4,2,6,3,4,5,188.8,10.440000000000001,0.09695359714832663,20,20,5,41,205,gradient_update,190.59999999999997
5,1,6,3,4,5,187.29999999999998,10.315,0.2244994432064364,19,20,5,42,210,difference_minus_b1,190.59999999999997
5,3,6,3,4,5,184.2,10.26,0.23054283766796999,21,20,5,43,215,difference_plus_b1,190.59999999999997
5,2,5,3,4,5,188.2,10.36,0.20285462775100788,19,20,5,44,220,difference_minus_b2,190.59999999999997
5,2,7,3,4,5,183.20000000000002,10.21,0.20892582415776148,21,20,5,45,225,difference_plus_b2,190.59999999999997
5,2,6,2,4,5,190.4,10.47,0.2293468988235941,19,20,5,46,230,difference_minus_b3,190.59999999999997
5,2,6,4,4,5,186.59999999999997,10.379999999999999,0.15842979517754852,21,20,5,47,235,difference_plus_b3,190.59999999999997
5,2,6,3,3,5,185.10000000000002,10.205000000000002,0.2570992026436488,19,20,5,48,240,difference_minus_b4,190.59999999999997
5,2,6,3,5,5,190.70000000000002,10.585,0.27230497608380194,21,20,5,49,245,difference_plus_b4,190.70000000000002
5,2,6,3,4,4,186.5,10.275,0.20310096011589887,19,20,5,50,250,difference_minus_b5,190.70000000000002
5,2,6,3,4,6,184.09999999999997,10.254999999999999,0.2373815494093848,21,20,5,51,255,difference_plus_b5,190.70000000000002
5,1,5,2,5,5,190.8,10.440000000000001,0.18881207588499188,18,20,5,52,260,gradient_update,190.8
6,2,5,2,5,5,190.2,10.459999999999999,0.07348469228349573,19,20,5,53,265,difference_plus_b1,190.8
6,1,4,2,5,5,192.90000000000003,10.495000000000001,0.16309506430300078,17,20,5,54,270,difference_minus_b2,192.90000000000003
6,1,6,2,5,5,188.5,10.375,0.18708286933869725,19,20,5,55,275,difference_plus_b2,192.90000000000003
6,1,5,1,5,5,189.9,10.345,0.20880613017821076,17,20,5,56,280,difference_minus_b3,192.90000000000003
6,1,5,3,5,5,192.6,10.58,0.17421251390184356,19,20,5,57,285,difference_plus_b3,192.90000000000003
6,1,5,2,4,5,194.60000000000002,10.580000000000002,0.164620776331543,17,20,5,58,290,difference_minus_b4,194.60000000000002
6,1,5,2,6,5,190.90000000000003,10.495000000000001,0.1317193987231949,19,20,5,59,295,difference_plus_b4,194.60000000000002
6,1,5,2,5,4,189.20000000000002,10.31,0.16324827717314475,17,20,5,60,300,difference_minus_b5,194.60000000000002
6,1,5,2,5,6,184.89999999999998,10.194999999999999,0.27721832551258235,19,20,5,61,305,difference_plus_b5,194.60000000000002
6,1,4,3,4,4,189.20000000000005,10.260000000000002,0.3951581961695847,16,20,5,62,310,gradient_update,194.60000000000002
7,2,4,3,4,4,188.2,10.26,0.3378609181305232,17,20,5,63,315,difference_plus_b1,194.60000000000002
7,1,3,3,4,4,191.09999999999997,10.304999999999998,0.2461706725018233,15,20,5,64,320,difference_minus_b2,194.60000000000002
7,1,5,3,4,4,191.1,10.405,0.16462077633154304,17,20,5,65,325,difference_plus_b2,194.60000000000002
7,1,4,2,4,4,192.20000000000002,10.360000000000001,0.12806248474865692,15,20,5,66,330,difference_minus_b3,194.60000000000002
7,1,4,4,4,4,189.70000000000002,10.335,0.07516648189186498,17,20,5,67,335,difference_plus_b3,194.60000000000002
7,1,4,3,3,4,189.50000000000003,10.225000000000001,0.1658312395177698,15,20,5,68,340,difference_minus_b4,194.60000000000002
7,1,4,3,5,4,189.5,10.325,0.23075961518428653,17,20,5,69,345,difference_plus_b4,194.60000000000002
7,1,4,3,4,3,187.10000000000002,10.105,0.20024984394500814,15,20,5,70,350,difference_minus_b5,194.60000000000002
7,1,4,3,4,5,191.3,10.415000000000001,0.16170961628796177,17,20,5,71,355,difference_plus_b5,194.60000000000002
7,1,4,2,4,5,192.89999999999998,10.444999999999999,0.3973034105063786,16,20,5,72,360,gradient_update,194.60000000000002
8,2,4,2,4,5,190.2,10.36,0.3180408778757851,17,20,5,73,365,difference_plus_b1,194.60000000000002
8,1,3,2,4,5,193.4,10.42,0.19899748742132445,15,20,5,74,370,difference_minus_b2,194.60000000000002
8,1,4,1,4,5,194.7,10.485,0.2918047292282973,15,20,5,75,375,difference_minus_b3,194.7
8,1,4,2,3,5,186.0,10.05,0.21679483388678783,15,20,5,76,380,difference_minus_b4,194.7
8,1,4,2,4,6,190.79999999999998,10.389999999999999,0.18814887722226792,17,20,5,77,385,difference_plus_b5,194.7
8,1,8,7,5,5,183.8,10.49,0.22726636354727028,26,20,5,78,390,restart,194.7
9,2,8,7,5,5,184.1,10.555,0.17635192088548388,27,20,5,79,395,difference_plus_b1,194.7
9,1,7,7,5,5,186.8,10.59,0.1888120758849917,25,20,5,80,400,difference_minus_b2,194.7
9,1,9,7,5,5,185.49999999999997,10.624999999999998,0.13509256086106283,27,20,5,81,405,difference_plus_b2,194.7
9,1,8,6,5,5,186.0,10.55,0.2529822128134703,25,20,5,82,410,difference_minus_b3,194.7
9,1,8,8,5,5,181.60000000000002,10.430000000000001,0.21644860821913367,27,20,5,83,415,difference_plus_b3,194.7
9,1,8,7,4,5,182.2,10.36,0.14456832294800936,25,20,5,84,420,difference_minus_b4,194.7
9,1,8,7,6,5,187.0,10.7,0.14142135623730945,27,20,5,85,425,difference_plus_b4,194.7
9,1,8,7,5,4,184.89999999999998,10.495,0.1584297951775488,25,20,5,86,430,difference_minus_b5,194.7
9,1,8,7,5,6,183.7,10.535,0.14713938969562135,27,20,5,87,435,difference_plus_b5,194.7
9,1,8,6,6,5,184.5,10.525,0.2534758371127315,26,20,5,88,440,gradient_update,194.7
10,2,8,6,6,5,182.60000000000002,10.48,0.2717535648340234,27,20,5,89,445,difference_plus_b1,194.7
10,1,7,6,6,5,184.49999999999994,10.474999999999998,0.25544079548889614,25,20,5,90,450,difference_minus_b2,194.7
10,1,9,6,6,5,184.8,10.59,0.2562225595063792,27,20,5,91,455,difference_plus_b2,194.7
10,1,8,5,6,5,186.20000000000002,10.56,0.17363755354185348,25,20,5,92,460,difference_minus_b3,194.7
10,1,8,6,7,5,184.8,10.59,0.13190905958272933,27,20,5,93,465,difference_plus_b4,194.7
10,1,8,6,6,4,185.09999999999997,10.504999999999999,0.14439529078193636,25,20,5,94,470,difference_minus_b5,194.7
10,1,8,6,6,6,185.40000000000003,10.620000000000001,0.09407443861113393,27,20,5,95,475,difference_plus_b5,194.7
10,9,1,7,3,1,164.39999999999998,9.27,0.24566236993076504,21,20,5,96,480,restart,194.7
11,8,1,7,3,1,169.5,9.475,0.3166228039797514,20,20,5,97,485,difference_minus_b1,194.7
11,10,1,7,3,1,163.89999999999998,9.294999999999998,0.24566236993076515,22,20,5,98,490,difference_plus_b1,194.7
11,9,2,7,3,1,167.60000000000002,9.48,0.2595187854472195,22,20,5,99,495,difference_plus_b2,194.7
11,9,1,6,3,1,169.89999999999998,9.495,0.12083045973594553,20,20,5,100,500,difference_minus_b3,194.7
